"original","decoded","kind","note"
"spr/original/spr_0_all(r)","","original","Candidate original file from extracted AowVN JAR"
"spr/original/spr_100_all(r)","","original","Candidate original file from extracted AowVN JAR"
"spr/original/spr_101_all(r)","","original","Candidate original file from extracted AowVN JAR"
"spr/original/spr_102_all(r)","","original","Candidate original file from extracted AowVN JAR"
"spr/original/spr_103_all(r)","","original","Candidate original file from extracted AowVN JAR"
"spr/original/spr_104_all(r)","","original","Candidate original file from extracted AowVN JAR"
"spr/original/spr_105_all(r)","","original","Candidate original file from extracted AowVN JAR"
"spr/original/spr_106_all(r)","","original","Candidate original file from extracted AowVN JAR"
"spr/original/spr_107_all(r)","","original","Candidate original file from extracted AowVN JAR"
"spr/original/spr_108_all(r)","","original","Candidate original file from extracted AowVN JAR"
"spr/original/spr_109_all(r)","","original","Candidate original file from extracted AowVN JAR"
"spr/original/spr_10_all(r)","","original","Candidate original file from extracted AowVN JAR"
"spr/original/spr_110_all(r)","","original","Candidate original file from extracted AowVN JAR"
"spr/original/spr_111_all(r)","","original","Candidate original file from extracted AowVN JAR"
"spr/original/spr_112_all(r)","","original","Candidate original file from extracted AowVN JAR"
"spr/original/spr_113_all(r)","","original","Candidate original file from extracted AowVN JAR"
"spr/original/spr_114_all(r)","","original","Candidate original file from extracted AowVN JAR"
"spr/original/spr_115_all(r)","","original","Candidate original file from extracted AowVN JAR"
"spr/original/spr_116_all(r)","","original","Candidate original file from extracted AowVN JAR"
"spr/original/spr_117_all(r)","","original","Candidate original file from extracted AowVN JAR"
"spr/original/spr_118_all(r)","","original","Candidate original file from extracted AowVN JAR"
"spr/original/spr_119_all(r)","","original","Candidate original file from extracted AowVN JAR"
"spr/original/spr_11_all(r)","","original","Candidate original file from extracted AowVN JAR"
"spr/original/spr_120_all(r)","","original","Candidate original file from extracted AowVN JAR"
"spr/original/spr_121_all(r)","","original","Candidate original file from extracted AowVN JAR"
"spr/original/spr_122_all(r)","","original","Candidate original file from extracted AowVN JAR"
"spr/original/spr_123_all(r)","","original","Candidate original file from extracted AowVN JAR"
"spr/original/spr_124_all(r)","","original","Candidate original file from extracted AowVN JAR"
"spr/original/spr_125_all(r)","","original","Candidate original file from extracted AowVN JAR"
"spr/original/spr_126_all(r)","","original","Candidate original file from extracted AowVN JAR"
"spr/original/spr_127_all(r)","","original","Candidate original file from extracted AowVN JAR"
"spr/original/spr_128_all(r)","","original","Candidate original file from extracted AowVN JAR"
"spr/original/spr_129_all(r)","","original","Candidate original file from extracted AowVN JAR"
"spr/original/spr_12_all(r)","","original","Candidate original file from extracted AowVN JAR"
"spr/original/spr_130_all(r)","","original","Candidate original file from extracted AowVN JAR"
"spr/original/spr_131_all(r)","","original","Candidate original file from extracted AowVN JAR"
"spr/original/spr_132_all(r)","","original","Candidate original file from extracted AowVN JAR"
"spr/original/spr_133_all(r)","","original","Candidate original file from extracted AowVN JAR"
"spr/original/spr_134_all(r)","","original","Candidate original file from extracted AowVN JAR"
"spr/original/spr_135_all(r)","","original","Candidate original file from extracted AowVN JAR"
"spr/original/spr_136_all(r)","","original","Candidate original file from extracted AowVN JAR"
"spr/original/spr_137_all(r)","","original","Candidate original file from extracted AowVN JAR"
"spr/original/spr_138_all(r)","","original","Candidate original file from extracted AowVN JAR"
"spr/original/spr_139_all(r)","","original","Candidate original file from extracted AowVN JAR"
"spr/original/spr_13_all(r)","","original","Candidate original file from extracted AowVN JAR"
"spr/original/spr_140_all(r)","","original","Candidate original file from extracted AowVN JAR"
"spr/original/spr_141_all(r)","","original","Candidate original file from extracted AowVN JAR"
"spr/original/spr_142_all(r)","","original","Candidate original file from extracted AowVN JAR"
"spr/original/spr_143_all(r)","","original","Candidate original file from extracted AowVN JAR"
"spr/original/spr_144_all(r)","","original","Candidate original file from extracted AowVN JAR"
"spr/original/spr_145_all(r)","","original","Candidate original file from extracted AowVN JAR"
"spr/original/spr_146_all(r)","","original","Candidate original file from extracted AowVN JAR"
"spr/original/spr_147_all(r)","","original","Candidate original file from extracted AowVN JAR"
"spr/original/spr_148_all(r)","","original","Candidate original file from extracted AowVN JAR"
"spr/original/spr_149_all(r)","","original","Candidate original file from extracted AowVN JAR"
"spr/original/spr_14_all(r)","","original","Candidate original file from extracted AowVN JAR"
"spr/original/spr_150_all(r)","","original","Candidate original file from extracted AowVN JAR"
"spr/original/spr_151_all(r)","","original","Candidate original file from extracted AowVN JAR"
"spr/original/spr_152_all(r)","","original","Candidate original file from extracted AowVN JAR"
"spr/original/spr_153_all(r)","","original","Candidate original file from extracted AowVN JAR"
"spr/original/spr_154_all(r)","","original","Candidate original file from extracted AowVN JAR"
"spr/original/spr_155_all(r)","","original","Candidate original file from extracted AowVN JAR"
"spr/original/spr_156_all(r)","","original","Candidate original file from extracted AowVN JAR"
"spr/original/spr_157_all(r)","","original","Candidate original file from extracted AowVN JAR"
"spr/original/spr_158_all(r)","","original","Candidate original file from extracted AowVN JAR"
"spr/original/spr_159_all(r)","","original","Candidate original file from extracted AowVN JAR"
"spr/original/spr_15_all(r)","","original","Candidate original file from extracted AowVN JAR"
"spr/original/spr_160_all(r)","","original","Candidate original file from extracted AowVN JAR"
"spr/original/spr_161_all(r)","","original","Candidate original file from extracted AowVN JAR"
"spr/original/spr_162_all(r)","","original","Candidate original file from extracted AowVN JAR"
"spr/original/spr_163_all(r)","","original","Candidate original file from extracted AowVN JAR"
"spr/original/spr_164_all(r)","","original","Candidate original file from extracted AowVN JAR"
"spr/original/spr_165_all(r)","","original","Candidate original file from extracted AowVN JAR"
"spr/original/spr_166_all(r)","","original","Candidate original file from extracted AowVN JAR"
"spr/original/spr_167_all(r)","","original","Candidate original file from extracted AowVN JAR"
"spr/original/spr_168_all(r)","","original","Candidate original file from extracted AowVN JAR"
"spr/original/spr_169_all(r)","","original","Candidate original file from extracted AowVN JAR"
"spr/original/spr_16_all(r)","","original","Candidate original file from extracted AowVN JAR"
"spr/original/spr_170_all(r)","","original","Candidate original file from extracted AowVN JAR"
"spr/original/spr_171_all(r)","","original","Candidate original file from extracted AowVN JAR"
"spr/original/spr_172_all(r)","","original","Candidate original file from extracted AowVN JAR"
"spr/original/spr_173_all(r)","","original","Candidate original file from extracted AowVN JAR"
"spr/original/spr_174_all(r)","","original","Candidate original file from extracted AowVN JAR"
"spr/original/spr_175_all(r)","","original","Candidate original file from extracted AowVN JAR"
"spr/original/spr_176_all(r)","","original","Candidate original file from extracted AowVN JAR"
"spr/original/spr_177_all(r)","","original","Candidate original file from extracted AowVN JAR"
"spr/original/spr_178_all(r)","","original","Candidate original file from extracted AowVN JAR"
"spr/original/spr_179_all(r)","","original","Candidate original file from extracted AowVN JAR"
"spr/original/spr_17_all(r)","","original","Candidate original file from extracted AowVN JAR"
"spr/original/spr_180_all(r)","","original","Candidate original file from extracted AowVN JAR"
"spr/original/spr_181_all(r)","","original","Candidate original file from extracted AowVN JAR"
"spr/original/spr_182_all(r)","","original","Candidate original file from extracted AowVN JAR"
"spr/original/spr_183_all(r)","","original","Candidate original file from extracted AowVN JAR"
"spr/original/spr_184_all(r)","","original","Candidate original file from extracted AowVN JAR"
"spr/original/spr_185_all(r)","","original","Candidate original file from extracted AowVN JAR"
"spr/original/spr_186_all(r)","","original","Candidate original file from extracted AowVN JAR"
"spr/original/spr_187_all(r)","","original","Candidate original file from extracted AowVN JAR"
"spr/original/spr_188_all(r)","","original","Candidate original file from extracted AowVN JAR"
"spr/original/spr_189_all(r)","","original","Candidate original file from extracted AowVN JAR"
"spr/original/spr_191_all(r)","","original","Candidate original file from extracted AowVN JAR"
"spr/original/spr_192_all(r)","","original","Candidate original file from extracted AowVN JAR"
"spr/original/spr_193_all(r)","","original","Candidate original file from extracted AowVN JAR"
"spr/original/spr_194_all(r)","","original","Candidate original file from extracted AowVN JAR"
"spr/original/spr_195_all(r)","","original","Candidate original file from extracted AowVN JAR"
"spr/original/spr_196_all(r)","","original","Candidate original file from extracted AowVN JAR"
"spr/original/spr_197_all(r)","","original","Candidate original file from extracted AowVN JAR"
"spr/original/spr_198_all(r)","","original","Candidate original file from extracted AowVN JAR"
"spr/original/spr_199_all(r)","","original","Candidate original file from extracted AowVN JAR"
"spr/original/spr_1_all(r)","","original","Candidate original file from extracted AowVN JAR"
"spr/original/spr_200_all(r)","","original","Candidate original file from extracted AowVN JAR"
"spr/original/spr_201_all(r)","","original","Candidate original file from extracted AowVN JAR"
"spr/original/spr_202_all(r)","","original","Candidate original file from extracted AowVN JAR"
"spr/original/spr_203_all(r)","","original","Candidate original file from extracted AowVN JAR"
"spr/original/spr_204_all(r)","","original","Candidate original file from extracted AowVN JAR"
"spr/original/spr_205_all(r)","","original","Candidate original file from extracted AowVN JAR"
"spr/original/spr_206_all(r)","","original","Candidate original file from extracted AowVN JAR"
"spr/original/spr_207_all(r)","","original","Candidate original file from extracted AowVN JAR"
"spr/original/spr_208_all(r)","","original","Candidate original file from extracted AowVN JAR"
"spr/original/spr_209_all(r)","","original","Candidate original file from extracted AowVN JAR"
"spr/original/spr_20_all(r)","","original","Candidate original file from extracted AowVN JAR"
"spr/original/spr_210_all(r)","","original","Candidate original file from extracted AowVN JAR"
"spr/original/spr_211_all(r)","","original","Candidate original file from extracted AowVN JAR"
"spr/original/spr_212_all(r)","","original","Candidate original file from extracted AowVN JAR"
"spr/original/spr_213_all(r)","","original","Candidate original file from extracted AowVN JAR"
"spr/original/spr_214_all(r)","","original","Candidate original file from extracted AowVN JAR"
"spr/original/spr_215_all(r)","","original","Candidate original file from extracted AowVN JAR"
"spr/original/spr_216_all(r)","","original","Candidate original file from extracted AowVN JAR"
"spr/original/spr_217_all(r)","","original","Candidate original file from extracted AowVN JAR"
"spr/original/spr_218_all(r)","","original","Candidate original file from extracted AowVN JAR"
"spr/original/spr_219_all(r)","","original","Candidate original file from extracted AowVN JAR"
"spr/original/spr_220_all(r)","","original","Candidate original file from extracted AowVN JAR"
"spr/original/spr_221_all(r)","","original","Candidate original file from extracted AowVN JAR"
"spr/original/spr_222_all(r)","","original","Candidate original file from extracted AowVN JAR"
"spr/original/spr_223_all(r)","","original","Candidate original file from extracted AowVN JAR"
"spr/original/spr_224_all(r)","","original","Candidate original file from extracted AowVN JAR"
"spr/original/spr_225_all(r)","","original","Candidate original file from extracted AowVN JAR"
"spr/original/spr_226_all(r)","","original","Candidate original file from extracted AowVN JAR"
"spr/original/spr_227_all(r)","","original","Candidate original file from extracted AowVN JAR"
"spr/original/spr_228_all(r)","","original","Candidate original file from extracted AowVN JAR"
"spr/original/spr_229_all(r)","","original","Candidate original file from extracted AowVN JAR"
"spr/original/spr_22_all(r)","","original","Candidate original file from extracted AowVN JAR"
"spr/original/spr_230_all(r)","","original","Candidate original file from extracted AowVN JAR"
"spr/original/spr_231_all(r)","","original","Candidate original file from extracted AowVN JAR"
"spr/original/spr_232_all(r)","","original","Candidate original file from extracted AowVN JAR"
"spr/original/spr_233_all(r)","","original","Candidate original file from extracted AowVN JAR"
"spr/original/spr_234_all(r)","","original","Candidate original file from extracted AowVN JAR"
"spr/original/spr_235_all(r)","","original","Candidate original file from extracted AowVN JAR"
"spr/original/spr_236_all(r)","","original","Candidate original file from extracted AowVN JAR"
"spr/original/spr_237_all(r)","","original","Candidate original file from extracted AowVN JAR"
"spr/original/spr_238_all(r)","","original","Candidate original file from extracted AowVN JAR"
"spr/original/spr_239_all(r)","","original","Candidate original file from extracted AowVN JAR"
"spr/original/spr_23_all(r)","","original","Candidate original file from extracted AowVN JAR"
"spr/original/spr_240_all(r)","","original","Candidate original file from extracted AowVN JAR"
"spr/original/spr_241_all(r)","","original","Candidate original file from extracted AowVN JAR"
"spr/original/spr_242_all(r)","","original","Candidate original file from extracted AowVN JAR"
"spr/original/spr_243_all(r)","","original","Candidate original file from extracted AowVN JAR"
"spr/original/spr_244_all(r)","","original","Candidate original file from extracted AowVN JAR"
"spr/original/spr_245_all(r)","","original","Candidate original file from extracted AowVN JAR"
"spr/original/spr_246_all(r)","","original","Candidate original file from extracted AowVN JAR"
"spr/original/spr_247_all(r)","","original","Candidate original file from extracted AowVN JAR"
"spr/original/spr_248_all(r)","","original","Candidate original file from extracted AowVN JAR"
"spr/original/spr_249_all(r)","","original","Candidate original file from extracted AowVN JAR"
"spr/original/spr_24_all(r)","","original","Candidate original file from extracted AowVN JAR"
"spr/original/spr_250_all(r)","","original","Candidate original file from extracted AowVN JAR"
"spr/original/spr_251_all(r)","","original","Candidate original file from extracted AowVN JAR"
"spr/original/spr_252_all(r)","","original","Candidate original file from extracted AowVN JAR"
"spr/original/spr_253_all(r)","","original","Candidate original file from extracted AowVN JAR"
"spr/original/spr_254_all(r)","","original","Candidate original file from extracted AowVN JAR"
"spr/original/spr_255_all(r)","","original","Candidate original file from extracted AowVN JAR"
"spr/original/spr_256_all(r)","","original","Candidate original file from extracted AowVN JAR"
"spr/original/spr_257_all(r)","","original","Candidate original file from extracted AowVN JAR"
"spr/original/spr_258_all(r)","","original","Candidate original file from extracted AowVN JAR"
"spr/original/spr_259_all(r)","","original","Candidate original file from extracted AowVN JAR"
"spr/original/spr_25_all(r)","","original","Candidate original file from extracted AowVN JAR"
"spr/original/spr_260_all(r)","","original","Candidate original file from extracted AowVN JAR"
"spr/original/spr_261_all(r)","","original","Candidate original file from extracted AowVN JAR"
"spr/original/spr_262_all(r)","","original","Candidate original file from extracted AowVN JAR"
"spr/original/spr_263_all(r)","","original","Candidate original file from extracted AowVN JAR"
"spr/original/spr_264_all(r)","","original","Candidate original file from extracted AowVN JAR"
"spr/original/spr_265_all(r)","","original","Candidate original file from extracted AowVN JAR"
"spr/original/spr_266_all(r)","","original","Candidate original file from extracted AowVN JAR"
"spr/original/spr_267_all(r)","","original","Candidate original file from extracted AowVN JAR"
"spr/original/spr_268_all(r)","","original","Candidate original file from extracted AowVN JAR"
"spr/original/spr_269_all(r)","","original","Candidate original file from extracted AowVN JAR"
"spr/original/spr_270_all(r)","","original","Candidate original file from extracted AowVN JAR"
"spr/original/spr_271_all(r)","","original","Candidate original file from extracted AowVN JAR"
"spr/original/spr_272_all(r)","","original","Candidate original file from extracted AowVN JAR"
"spr/original/spr_273_all(r)","","original","Candidate original file from extracted AowVN JAR"
"spr/original/spr_274_all(r)","","original","Candidate original file from extracted AowVN JAR"
"spr/original/spr_275_all(r)","","original","Candidate original file from extracted AowVN JAR"
"spr/original/spr_277_all(r)","","original","Candidate original file from extracted AowVN JAR"
"spr/original/spr_278_all(r)","","original","Candidate original file from extracted AowVN JAR"
"spr/original/spr_279_all(r)","","original","Candidate original file from extracted AowVN JAR"
"spr/original/spr_280_all(r)","","original","Candidate original file from extracted AowVN JAR"
"spr/original/spr_282_all(r)","","original","Candidate original file from extracted AowVN JAR"
"spr/original/spr_283_all(r)","","original","Candidate original file from extracted AowVN JAR"
"spr/original/spr_284_all(r)","","original","Candidate original file from extracted AowVN JAR"
"spr/original/spr_285_all(r)","","original","Candidate original file from extracted AowVN JAR"
"spr/original/spr_286_all(r)","","original","Candidate original file from extracted AowVN JAR"
"spr/original/spr_287_all(r)","","original","Candidate original file from extracted AowVN JAR"
"spr/original/spr_288_all(r)","","original","Candidate original file from extracted AowVN JAR"
"spr/original/spr_289_all(r)","","original","Candidate original file from extracted AowVN JAR"
"spr/original/spr_290_all(r)","","original","Candidate original file from extracted AowVN JAR"
"spr/original/spr_291_all(r)","","original","Candidate original file from extracted AowVN JAR"
"spr/original/spr_292_all(r)","","original","Candidate original file from extracted AowVN JAR"
"spr/original/spr_293_all(r)","","original","Candidate original file from extracted AowVN JAR"
"spr/original/spr_294_all(r)","","original","Candidate original file from extracted AowVN JAR"
"spr/original/spr_295_all(r)","","original","Candidate original file from extracted AowVN JAR"
"spr/original/spr_296_all(r)","","original","Candidate original file from extracted AowVN JAR"
"spr/original/spr_297_all(r)","","original","Candidate original file from extracted AowVN JAR"
"spr/original/spr_298_all(r)","","original","Candidate original file from extracted AowVN JAR"
"spr/original/spr_299_all(r)","","original","Candidate original file from extracted AowVN JAR"
"spr/original/spr_29_all(r)","","original","Candidate original file from extracted AowVN JAR"
"spr/original/spr_2_all(r)","","original","Candidate original file from extracted AowVN JAR"
"spr/original/spr_300_all(r)","","original","Candidate original file from extracted AowVN JAR"
"spr/original/spr_301_all(r)","","original","Candidate original file from extracted AowVN JAR"
"spr/original/spr_302_all(r)","","original","Candidate original file from extracted AowVN JAR"
"spr/original/spr_303_all(r)","","original","Candidate original file from extracted AowVN JAR"
"spr/original/spr_304_all(r)","","original","Candidate original file from extracted AowVN JAR"
"spr/original/spr_305_all(r)","","original","Candidate original file from extracted AowVN JAR"
"spr/original/spr_306_all(r)","","original","Candidate original file from extracted AowVN JAR"
"spr/original/spr_307_all(r)","","original","Candidate original file from extracted AowVN JAR"
"spr/original/spr_308_all(r)","","original","Candidate original file from extracted AowVN JAR"
"spr/original/spr_309_all(r)","","original","Candidate original file from extracted AowVN JAR"
"spr/original/spr_30_all(r)","","original","Candidate original file from extracted AowVN JAR"
"spr/original/spr_310_all(r)","","original","Candidate original file from extracted AowVN JAR"
"spr/original/spr_311_all(r)","","original","Candidate original file from extracted AowVN JAR"
"spr/original/spr_312_all(r)","","original","Candidate original file from extracted AowVN JAR"
"spr/original/spr_313_all(r)","","original","Candidate original file from extracted AowVN JAR"
"spr/original/spr_314_all(r)","","original","Candidate original file from extracted AowVN JAR"
"spr/original/spr_315_all(r)","","original","Candidate original file from extracted AowVN JAR"
"spr/original/spr_316_all(r)","","original","Candidate original file from extracted AowVN JAR"
"spr/original/spr_317_all(r)","","original","Candidate original file from extracted AowVN JAR"
"spr/original/spr_318_all(r)","","original","Candidate original file from extracted AowVN JAR"
"spr/original/spr_319_all(r)","","original","Candidate original file from extracted AowVN JAR"
"spr/original/spr_31_all(r)","","original","Candidate original file from extracted AowVN JAR"
"spr/original/spr_320_all(r)","","original","Candidate original file from extracted AowVN JAR"
"spr/original/spr_321_all(r)","","original","Candidate original file from extracted AowVN JAR"
"spr/original/spr_322_all(r)","","original","Candidate original file from extracted AowVN JAR"
"spr/original/spr_323_all(r)","","original","Candidate original file from extracted AowVN JAR"
"spr/original/spr_324_all(r)","","original","Candidate original file from extracted AowVN JAR"
"spr/original/spr_325_all(r)","","original","Candidate original file from extracted AowVN JAR"
"spr/original/spr_326_all(r)","","original","Candidate original file from extracted AowVN JAR"
"spr/original/spr_327_all(r)","","original","Candidate original file from extracted AowVN JAR"
"spr/original/spr_328_all(r)","","original","Candidate original file from extracted AowVN JAR"
"spr/original/spr_32_all(r)","","original","Candidate original file from extracted AowVN JAR"
"spr/original/spr_335_all(r)","","original","Candidate original file from extracted AowVN JAR"
"spr/original/spr_336_all(r)","","original","Candidate original file from extracted AowVN JAR"
"spr/original/spr_337_all(r)","","original","Candidate original file from extracted AowVN JAR"
"spr/original/spr_338_all(r)","","original","Candidate original file from extracted AowVN JAR"
"spr/original/spr_339_all(r)","","original","Candidate original file from extracted AowVN JAR"
"spr/original/spr_33_all(r)","","original","Candidate original file from extracted AowVN JAR"
"spr/original/spr_340_all(r)","","original","Candidate original file from extracted AowVN JAR"
"spr/original/spr_341_all(r)","","original","Candidate original file from extracted AowVN JAR"
"spr/original/spr_342_all(r)","","original","Candidate original file from extracted AowVN JAR"
"spr/original/spr_343_all(r)","","original","Candidate original file from extracted AowVN JAR"
"spr/original/spr_344_all(r)","","original","Candidate original file from extracted AowVN JAR"
"spr/original/spr_34_all(r)","","original","Candidate original file from extracted AowVN JAR"
"spr/original/spr_35_all(r)","","original","Candidate original file from extracted AowVN JAR"
"spr/original/spr_36_all(r)","","original","Candidate original file from extracted AowVN JAR"
"spr/original/spr_37_all(r)","","original","Candidate original file from extracted AowVN JAR"
"spr/original/spr_38_all(r)","","original","Candidate original file from extracted AowVN JAR"
"spr/original/spr_39_all(r)","","original","Candidate original file from extracted AowVN JAR"
"spr/original/spr_3_all(r)","","original","Candidate original file from extracted AowVN JAR"
"spr/original/spr_40_all(r)","","original","Candidate original file from extracted AowVN JAR"
"spr/original/spr_41_all(r)","","original","Candidate original file from extracted AowVN JAR"
"spr/original/spr_42_all(r)","","original","Candidate original file from extracted AowVN JAR"
"spr/original/spr_43_all(r)","","original","Candidate original file from extracted AowVN JAR"
"spr/original/spr_44_all(r)","","original","Candidate original file from extracted AowVN JAR"
"spr/original/spr_45_all(r)","","original","Candidate original file from extracted AowVN JAR"
"spr/original/spr_46_all(r)","","original","Candidate original file from extracted AowVN JAR"
"spr/original/spr_47_all(r)","","original","Candidate original file from extracted AowVN JAR"
"spr/original/spr_48_all(r)","","original","Candidate original file from extracted AowVN JAR"
"spr/original/spr_49_all(r)","","original","Candidate original file from extracted AowVN JAR"
"spr/original/spr_4_all(r)","","original","Candidate original file from extracted AowVN JAR"
"spr/original/spr_50_all(r)","","original","Candidate original file from extracted AowVN JAR"
"spr/original/spr_51_all(r)","","original","Candidate original file from extracted AowVN JAR"
"spr/original/spr_52_all(r)","","original","Candidate original file from extracted AowVN JAR"
"spr/original/spr_53_all(r)","","original","Candidate original file from extracted AowVN JAR"
"spr/original/spr_54_all(r)","","original","Candidate original file from extracted AowVN JAR"
"spr/original/spr_55_all(r)","","original","Candidate original file from extracted AowVN JAR"
"spr/original/spr_56_all(r)","","original","Candidate original file from extracted AowVN JAR"
"spr/original/spr_57_all(r)","","original","Candidate original file from extracted AowVN JAR"
"spr/original/spr_58_all(r)","","original","Candidate original file from extracted AowVN JAR"
"spr/original/spr_59_all(r)","","original","Candidate original file from extracted AowVN JAR"
"spr/original/spr_5_all(r)","","original","Candidate original file from extracted AowVN JAR"
"spr/original/spr_60_all(r)","","original","Candidate original file from extracted AowVN JAR"
"spr/original/spr_61_all(r)","","original","Candidate original file from extracted AowVN JAR"
"spr/original/spr_62_all(r)","","original","Candidate original file from extracted AowVN JAR"
"spr/original/spr_63_all(r)","","original","Candidate original file from extracted AowVN JAR"
"spr/original/spr_64_all(r)","","original","Candidate original file from extracted AowVN JAR"
"spr/original/spr_65_all(r)","","original","Candidate original file from extracted AowVN JAR"
"spr/original/spr_66_all(r)","","original","Candidate original file from extracted AowVN JAR"
"spr/original/spr_67_all(r)","","original","Candidate original file from extracted AowVN JAR"
"spr/original/spr_68_all(r)","","original","Candidate original file from extracted AowVN JAR"
"spr/original/spr_69_all(r)","","original","Candidate original file from extracted AowVN JAR"
"spr/original/spr_6_all(r)","","original","Candidate original file from extracted AowVN JAR"
"spr/original/spr_70_all(r)","","original","Candidate original file from extracted AowVN JAR"
"spr/original/spr_71_all(r)","","original","Candidate original file from extracted AowVN JAR"
"spr/original/spr_72_all(r)","","original","Candidate original file from extracted AowVN JAR"
"spr/original/spr_73_all(r)","","original","Candidate original file from extracted AowVN JAR"
"spr/original/spr_74_all(r)","","original","Candidate original file from extracted AowVN JAR"
"spr/original/spr_75_all(r)","","original","Candidate original file from extracted AowVN JAR"
"spr/original/spr_79_all(r)","","original","Candidate original file from extracted AowVN JAR"
"spr/original/spr_7_all(r)","","original","Candidate original file from extracted AowVN JAR"
"spr/original/spr_81_all(r)","","original","Candidate original file from extracted AowVN JAR"
"spr/original/spr_83_all(r)","","original","Candidate original file from extracted AowVN JAR"
"spr/original/spr_84_all(r)","","original","Candidate original file from extracted AowVN JAR"
"spr/original/spr_85_all(r)","","original","Candidate original file from extracted AowVN JAR"
"spr/original/spr_86_all(r)","","original","Candidate original file from extracted AowVN JAR"
"spr/original/spr_87_all(r)","","original","Candidate original file from extracted AowVN JAR"
"spr/original/spr_88_all(r)","","original","Candidate original file from extracted AowVN JAR"
"spr/original/spr_89_all(r)","","original","Candidate original file from extracted AowVN JAR"
"spr/original/spr_8_all(r)","","original","Candidate original file from extracted AowVN JAR"
"spr/original/spr_90_all(r)","","original","Candidate original file from extracted AowVN JAR"
"spr/original/spr_91_all(r)","","original","Candidate original file from extracted AowVN JAR"
"spr/original/spr_92_all(r)","","original","Candidate original file from extracted AowVN JAR"
"spr/original/spr_93_all(r)","","original","Candidate original file from extracted AowVN JAR"
"spr/original/spr_94_all(r)","","original","Candidate original file from extracted AowVN JAR"
"spr/original/spr_95_all(r)","","original","Candidate original file from extracted AowVN JAR"
"spr/original/spr_96_all(r)","","original","Candidate original file from extracted AowVN JAR"
"spr/original/spr_97_all(r)","","original","Candidate original file from extracted AowVN JAR"
"spr/original/spr_98_all(r)","","original","Candidate original file from extracted AowVN JAR"
"spr/original/spr_99_all(r)","","original","Candidate original file from extracted AowVN JAR"
"spr/original/spr_9_all(r)","","original","Candidate original file from extracted AowVN JAR"
