original,decoded,kind,note
modules/map/original/map_0.mid,,original,Original file from JAR path data/map/map_0.mid
modules/map/original/map_1.mid,,original,Original file from JAR path data/map/map_1.mid
modules/map/original/map_10.mid,,original,Original file from JAR path data/map/map_10.mid
modules/map/original/map_100.mid,,original,Original file from JAR path data/map/map_100.mid
modules/map/original/map_11.mid,,original,Original file from JAR path data/map/map_11.mid
modules/map/original/map_12.mid,,original,Original file from JAR path data/map/map_12.mid
modules/map/original/map_13.mid,,original,Original file from JAR path data/map/map_13.mid
modules/map/original/map_15.mid,,original,Original file from JAR path data/map/map_15.mid
modules/map/original/map_16.mid,,original,Original file from JAR path data/map/map_16.mid
modules/map/original/map_17.mid,,original,Original file from JAR path data/map/map_17.mid
modules/map/original/map_18.mid,,original,Original file from JAR path data/map/map_18.mid
modules/map/original/map_19.mid,,original,Original file from JAR path data/map/map_19.mid
modules/map/original/map_2.mid,,original,Original file from JAR path data/map/map_2.mid
modules/map/original/map_20.mid,,original,Original file from JAR path data/map/map_20.mid
modules/map/original/map_21.mid,,original,Original file from JAR path data/map/map_21.mid
modules/map/original/map_22.mid,,original,Original file from JAR path data/map/map_22.mid
modules/map/original/map_23.mid,,original,Original file from JAR path data/map/map_23.mid
modules/map/original/map_24.mid,,original,Original file from JAR path data/map/map_24.mid
modules/map/original/map_25.mid,,original,Original file from JAR path data/map/map_25.mid
modules/map/original/map_26.mid,,original,Original file from JAR path data/map/map_26.mid
modules/map/original/map_27.mid,,original,Original file from JAR path data/map/map_27.mid
modules/map/original/map_28.mid,,original,Original file from JAR path data/map/map_28.mid
modules/map/original/map_29.mid,,original,Original file from JAR path data/map/map_29.mid
modules/map/original/map_3.mid,,original,Original file from JAR path data/map/map_3.mid
modules/map/original/map_30.mid,,original,Original file from JAR path data/map/map_30.mid
modules/map/original/map_31.mid,,original,Original file from JAR path data/map/map_31.mid
modules/map/original/map_32.mid,,original,Original file from JAR path data/map/map_32.mid
modules/map/original/map_33.mid,,original,Original file from JAR path data/map/map_33.mid
modules/map/original/map_34.mid,,original,Original file from JAR path data/map/map_34.mid
modules/map/original/map_35.mid,,original,Original file from JAR path data/map/map_35.mid
modules/map/original/map_36.mid,,original,Original file from JAR path data/map/map_36.mid
modules/map/original/map_37.mid,,original,Original file from JAR path data/map/map_37.mid
modules/map/original/map_38.mid,,original,Original file from JAR path data/map/map_38.mid
modules/map/original/map_39.mid,,original,Original file from JAR path data/map/map_39.mid
modules/map/original/map_4.mid,,original,Original file from JAR path data/map/map_4.mid
modules/map/original/map_40.mid,,original,Original file from JAR path data/map/map_40.mid
modules/map/original/map_41.mid,,original,Original file from JAR path data/map/map_41.mid
modules/map/original/map_42.mid,,original,Original file from JAR path data/map/map_42.mid
modules/map/original/map_43.mid,,original,Original file from JAR path data/map/map_43.mid
modules/map/original/map_44.mid,,original,Original file from JAR path data/map/map_44.mid
modules/map/original/map_45.mid,,original,Original file from JAR path data/map/map_45.mid
modules/map/original/map_46.mid,,original,Original file from JAR path data/map/map_46.mid
modules/map/original/map_47.mid,,original,Original file from JAR path data/map/map_47.mid
modules/map/original/map_48.mid,,original,Original file from JAR path data/map/map_48.mid
modules/map/original/map_49.mid,,original,Original file from JAR path data/map/map_49.mid
modules/map/original/map_5.mid,,original,Original file from JAR path data/map/map_5.mid
modules/map/original/map_50.mid,,original,Original file from JAR path data/map/map_50.mid
modules/map/original/map_51.mid,,original,Original file from JAR path data/map/map_51.mid
modules/map/original/map_52.mid,,original,Original file from JAR path data/map/map_52.mid
modules/map/original/map_53.mid,,original,Original file from JAR path data/map/map_53.mid
modules/map/original/map_54.mid,,original,Original file from JAR path data/map/map_54.mid
modules/map/original/map_55.mid,,original,Original file from JAR path data/map/map_55.mid
modules/map/original/map_56.mid,,original,Original file from JAR path data/map/map_56.mid
modules/map/original/map_57.mid,,original,Original file from JAR path data/map/map_57.mid
modules/map/original/map_58.mid,,original,Original file from JAR path data/map/map_58.mid
modules/map/original/map_59.mid,,original,Original file from JAR path data/map/map_59.mid
modules/map/original/map_6.mid,,original,Original file from JAR path data/map/map_6.mid
modules/map/original/map_60.mid,,original,Original file from JAR path data/map/map_60.mid
modules/map/original/map_61.mid,,original,Original file from JAR path data/map/map_61.mid
modules/map/original/map_62.mid,,original,Original file from JAR path data/map/map_62.mid
modules/map/original/map_63.mid,,original,Original file from JAR path data/map/map_63.mid
modules/map/original/map_64.mid,,original,Original file from JAR path data/map/map_64.mid
modules/map/original/map_65.mid,,original,Original file from JAR path data/map/map_65.mid
modules/map/original/map_66.mid,,original,Original file from JAR path data/map/map_66.mid
modules/map/original/map_67.mid,,original,Original file from JAR path data/map/map_67.mid
modules/map/original/map_68.mid,,original,Original file from JAR path data/map/map_68.mid
modules/map/original/map_7.mid,,original,Original file from JAR path data/map/map_7.mid
modules/map/original/map_73.mid,,original,Original file from JAR path data/map/map_73.mid
modules/map/original/map_74.mid,,original,Original file from JAR path data/map/map_74.mid
modules/map/original/map_75.mid,,original,Original file from JAR path data/map/map_75.mid
modules/map/original/map_76.mid,,original,Original file from JAR path data/map/map_76.mid
modules/map/original/map_77.mid,,original,Original file from JAR path data/map/map_77.mid
modules/map/original/map_78.mid,,original,Original file from JAR path data/map/map_78.mid
modules/map/original/map_79.mid,,original,Original file from JAR path data/map/map_79.mid
modules/map/original/map_8.mid,,original,Original file from JAR path data/map/map_8.mid
modules/map/original/map_80.mid,,original,Original file from JAR path data/map/map_80.mid
modules/map/original/map_81.mid,,original,Original file from JAR path data/map/map_81.mid
modules/map/original/map_82.mid,,original,Original file from JAR path data/map/map_82.mid
modules/map/original/map_83.mid,,original,Original file from JAR path data/map/map_83.mid
modules/map/original/map_84.mid,,original,Original file from JAR path data/map/map_84.mid
modules/map/original/map_85.mid,,original,Original file from JAR path data/map/map_85.mid
modules/map/original/map_86.mid,,original,Original file from JAR path data/map/map_86.mid
modules/map/original/map_87.mid,,original,Original file from JAR path data/map/map_87.mid
modules/map/original/map_88.mid,,original,Original file from JAR path data/map/map_88.mid
modules/map/original/map_89.mid,,original,Original file from JAR path data/map/map_89.mid
modules/map/original/map_9.mid,,original,Original file from JAR path data/map/map_9.mid
modules/map/original/map_92.mid,,original,Original file from JAR path data/map/map_92.mid
modules/map/original/map_93.mid,,original,Original file from JAR path data/map/map_93.mid
modules/map/original/map_94.mid,,original,Original file from JAR path data/map/map_94.mid
modules/map/original/map_95.mid,,original,Original file from JAR path data/map/map_95.mid
modules/map/original/map_96.mid,,original,Original file from JAR path data/map/map_96.mid
modules/map/original/map_97.mid,,original,Original file from JAR path data/map/map_97.mid
modules/map/original/map_98.mid,,original,Original file from JAR path data/map/map_98.mid
modules/map/original/map_99.mid,,original,Original file from JAR path data/map/map_99.mid
modules/map/original/map_0.mid,modules/map/decoded/data__map__map_0.mid.json,map,Decoded JSON generated from the original binary format.
modules/map/original/map_1.mid,modules/map/decoded/data__map__map_1.mid.json,map,Decoded JSON generated from the original binary format.
modules/map/original/map_10.mid,modules/map/decoded/data__map__map_10.mid.json,map,Decoded JSON generated from the original binary format.
modules/map/original/map_100.mid,modules/map/decoded/data__map__map_100.mid.json,map,Decoded JSON generated from the original binary format.
modules/map/original/map_11.mid,modules/map/decoded/data__map__map_11.mid.json,map,Decoded JSON generated from the original binary format.
modules/map/original/map_12.mid,modules/map/decoded/data__map__map_12.mid.json,map,Decoded JSON generated from the original binary format.
modules/map/original/map_13.mid,modules/map/decoded/data__map__map_13.mid.json,map,Decoded JSON generated from the original binary format.
modules/map/original/map_15.mid,modules/map/decoded/data__map__map_15.mid.json,map,Decoded JSON generated from the original binary format.
modules/map/original/map_16.mid,modules/map/decoded/data__map__map_16.mid.json,map,Decoded JSON generated from the original binary format.
modules/map/original/map_17.mid,modules/map/decoded/data__map__map_17.mid.json,map,Decoded JSON generated from the original binary format.
modules/map/original/map_18.mid,modules/map/decoded/data__map__map_18.mid.json,map,Decoded JSON generated from the original binary format.
modules/map/original/map_19.mid,modules/map/decoded/data__map__map_19.mid.json,map,Decoded JSON generated from the original binary format.
modules/map/original/map_2.mid,modules/map/decoded/data__map__map_2.mid.json,map,Decoded JSON generated from the original binary format.
modules/map/original/map_20.mid,modules/map/decoded/data__map__map_20.mid.json,map,Decoded JSON generated from the original binary format.
modules/map/original/map_21.mid,modules/map/decoded/data__map__map_21.mid.json,map,Decoded JSON generated from the original binary format.
modules/map/original/map_22.mid,modules/map/decoded/data__map__map_22.mid.json,map,Decoded JSON generated from the original binary format.
modules/map/original/map_23.mid,modules/map/decoded/data__map__map_23.mid.json,map,Decoded JSON generated from the original binary format.
modules/map/original/map_24.mid,modules/map/decoded/data__map__map_24.mid.json,map,Decoded JSON generated from the original binary format.
modules/map/original/map_25.mid,modules/map/decoded/data__map__map_25.mid.json,map,Decoded JSON generated from the original binary format.
modules/map/original/map_26.mid,modules/map/decoded/data__map__map_26.mid.json,map,Decoded JSON generated from the original binary format.
modules/map/original/map_27.mid,modules/map/decoded/data__map__map_27.mid.json,map,Decoded JSON generated from the original binary format.
modules/map/original/map_28.mid,modules/map/decoded/data__map__map_28.mid.json,map,Decoded JSON generated from the original binary format.
modules/map/original/map_29.mid,modules/map/decoded/data__map__map_29.mid.json,map,Decoded JSON generated from the original binary format.
modules/map/original/map_3.mid,modules/map/decoded/data__map__map_3.mid.json,map,Decoded JSON generated from the original binary format.
modules/map/original/map_30.mid,modules/map/decoded/data__map__map_30.mid.json,map,Decoded JSON generated from the original binary format.
modules/map/original/map_31.mid,modules/map/decoded/data__map__map_31.mid.json,map,Decoded JSON generated from the original binary format.
modules/map/original/map_32.mid,modules/map/decoded/data__map__map_32.mid.json,map,Decoded JSON generated from the original binary format.
modules/map/original/map_33.mid,modules/map/decoded/data__map__map_33.mid.json,map,Decoded JSON generated from the original binary format.
modules/map/original/map_34.mid,modules/map/decoded/data__map__map_34.mid.json,map,Decoded JSON generated from the original binary format.
modules/map/original/map_35.mid,modules/map/decoded/data__map__map_35.mid.json,map,Decoded JSON generated from the original binary format.
modules/map/original/map_36.mid,modules/map/decoded/data__map__map_36.mid.json,map,Decoded JSON generated from the original binary format.
modules/map/original/map_37.mid,modules/map/decoded/data__map__map_37.mid.json,map,Decoded JSON generated from the original binary format.
modules/map/original/map_38.mid,modules/map/decoded/data__map__map_38.mid.json,map,Decoded JSON generated from the original binary format.
modules/map/original/map_39.mid,modules/map/decoded/data__map__map_39.mid.json,map,Decoded JSON generated from the original binary format.
modules/map/original/map_4.mid,modules/map/decoded/data__map__map_4.mid.json,map,Decoded JSON generated from the original binary format.
modules/map/original/map_40.mid,modules/map/decoded/data__map__map_40.mid.json,map,Decoded JSON generated from the original binary format.
modules/map/original/map_41.mid,modules/map/decoded/data__map__map_41.mid.json,map,Decoded JSON generated from the original binary format.
modules/map/original/map_42.mid,modules/map/decoded/data__map__map_42.mid.json,map,Decoded JSON generated from the original binary format.
modules/map/original/map_43.mid,modules/map/decoded/data__map__map_43.mid.json,map,Decoded JSON generated from the original binary format.
modules/map/original/map_44.mid,modules/map/decoded/data__map__map_44.mid.json,map,Decoded JSON generated from the original binary format.
modules/map/original/map_45.mid,modules/map/decoded/data__map__map_45.mid.json,map,Decoded JSON generated from the original binary format.
modules/map/original/map_46.mid,modules/map/decoded/data__map__map_46.mid.json,map,Decoded JSON generated from the original binary format.
modules/map/original/map_47.mid,modules/map/decoded/data__map__map_47.mid.json,map,Decoded JSON generated from the original binary format.
modules/map/original/map_48.mid,modules/map/decoded/data__map__map_48.mid.json,map,Decoded JSON generated from the original binary format.
modules/map/original/map_49.mid,modules/map/decoded/data__map__map_49.mid.json,map,Decoded JSON generated from the original binary format.
modules/map/original/map_5.mid,modules/map/decoded/data__map__map_5.mid.json,map,Decoded JSON generated from the original binary format.
modules/map/original/map_50.mid,modules/map/decoded/data__map__map_50.mid.json,map,Decoded JSON generated from the original binary format.
modules/map/original/map_51.mid,modules/map/decoded/data__map__map_51.mid.json,map,Decoded JSON generated from the original binary format.
modules/map/original/map_52.mid,modules/map/decoded/data__map__map_52.mid.json,map,Decoded JSON generated from the original binary format.
modules/map/original/map_53.mid,modules/map/decoded/data__map__map_53.mid.json,map,Decoded JSON generated from the original binary format.
modules/map/original/map_54.mid,modules/map/decoded/data__map__map_54.mid.json,map,Decoded JSON generated from the original binary format.
modules/map/original/map_55.mid,modules/map/decoded/data__map__map_55.mid.json,map,Decoded JSON generated from the original binary format.
modules/map/original/map_56.mid,modules/map/decoded/data__map__map_56.mid.json,map,Decoded JSON generated from the original binary format.
modules/map/original/map_57.mid,modules/map/decoded/data__map__map_57.mid.json,map,Decoded JSON generated from the original binary format.
modules/map/original/map_58.mid,modules/map/decoded/data__map__map_58.mid.json,map,Decoded JSON generated from the original binary format.
modules/map/original/map_59.mid,modules/map/decoded/data__map__map_59.mid.json,map,Decoded JSON generated from the original binary format.
modules/map/original/map_6.mid,modules/map/decoded/data__map__map_6.mid.json,map,Decoded JSON generated from the original binary format.
modules/map/original/map_60.mid,modules/map/decoded/data__map__map_60.mid.json,map,Decoded JSON generated from the original binary format.
modules/map/original/map_61.mid,modules/map/decoded/data__map__map_61.mid.json,map,Decoded JSON generated from the original binary format.
modules/map/original/map_62.mid,modules/map/decoded/data__map__map_62.mid.json,map,Decoded JSON generated from the original binary format.
modules/map/original/map_63.mid,modules/map/decoded/data__map__map_63.mid.json,map,Decoded JSON generated from the original binary format.
modules/map/original/map_64.mid,modules/map/decoded/data__map__map_64.mid.json,map,Decoded JSON generated from the original binary format.
modules/map/original/map_65.mid,modules/map/decoded/data__map__map_65.mid.json,map,Decoded JSON generated from the original binary format.
modules/map/original/map_66.mid,modules/map/decoded/data__map__map_66.mid.json,map,Decoded JSON generated from the original binary format.
modules/map/original/map_67.mid,modules/map/decoded/data__map__map_67.mid.json,map,Decoded JSON generated from the original binary format.
modules/map/original/map_68.mid,modules/map/decoded/data__map__map_68.mid.json,map,Decoded JSON generated from the original binary format.
modules/map/original/map_7.mid,modules/map/decoded/data__map__map_7.mid.json,map,Decoded JSON generated from the original binary format.
modules/map/original/map_73.mid,modules/map/decoded/data__map__map_73.mid.json,map,Decoded JSON generated from the original binary format.
modules/map/original/map_74.mid,modules/map/decoded/data__map__map_74.mid.json,map,Decoded JSON generated from the original binary format.
modules/map/original/map_75.mid,modules/map/decoded/data__map__map_75.mid.json,map,Decoded JSON generated from the original binary format.
modules/map/original/map_76.mid,modules/map/decoded/data__map__map_76.mid.json,map,Decoded JSON generated from the original binary format.
modules/map/original/map_77.mid,modules/map/decoded/data__map__map_77.mid.json,map,Decoded JSON generated from the original binary format.
modules/map/original/map_78.mid,modules/map/decoded/data__map__map_78.mid.json,map,Decoded JSON generated from the original binary format.
modules/map/original/map_79.mid,modules/map/decoded/data__map__map_79.mid.json,map,Decoded JSON generated from the original binary format.
modules/map/original/map_8.mid,modules/map/decoded/data__map__map_8.mid.json,map,Decoded JSON generated from the original binary format.
modules/map/original/map_80.mid,modules/map/decoded/data__map__map_80.mid.json,map,Decoded JSON generated from the original binary format.
modules/map/original/map_81.mid,modules/map/decoded/data__map__map_81.mid.json,map,Decoded JSON generated from the original binary format.
modules/map/original/map_82.mid,modules/map/decoded/data__map__map_82.mid.json,map,Decoded JSON generated from the original binary format.
modules/map/original/map_83.mid,modules/map/decoded/data__map__map_83.mid.json,map,Decoded JSON generated from the original binary format.
modules/map/original/map_84.mid,modules/map/decoded/data__map__map_84.mid.json,map,Decoded JSON generated from the original binary format.
modules/map/original/map_85.mid,modules/map/decoded/data__map__map_85.mid.json,map,Decoded JSON generated from the original binary format.
modules/map/original/map_86.mid,modules/map/decoded/data__map__map_86.mid.json,map,Decoded JSON generated from the original binary format.
modules/map/original/map_87.mid,modules/map/decoded/data__map__map_87.mid.json,map,Decoded JSON generated from the original binary format.
modules/map/original/map_88.mid,modules/map/decoded/data__map__map_88.mid.json,map,Decoded JSON generated from the original binary format.
modules/map/original/map_89.mid,modules/map/decoded/data__map__map_89.mid.json,map,Decoded JSON generated from the original binary format.
modules/map/original/map_9.mid,modules/map/decoded/data__map__map_9.mid.json,map,Decoded JSON generated from the original binary format.
modules/map/original/map_92.mid,modules/map/decoded/data__map__map_92.mid.json,map,Decoded JSON generated from the original binary format.
modules/map/original/map_93.mid,modules/map/decoded/data__map__map_93.mid.json,map,Decoded JSON generated from the original binary format.
modules/map/original/map_94.mid,modules/map/decoded/data__map__map_94.mid.json,map,Decoded JSON generated from the original binary format.
modules/map/original/map_95.mid,modules/map/decoded/data__map__map_95.mid.json,map,Decoded JSON generated from the original binary format.
modules/map/original/map_96.mid,modules/map/decoded/data__map__map_96.mid.json,map,Decoded JSON generated from the original binary format.
modules/map/original/map_97.mid,modules/map/decoded/data__map__map_97.mid.json,map,Decoded JSON generated from the original binary format.
modules/map/original/map_98.mid,modules/map/decoded/data__map__map_98.mid.json,map,Decoded JSON generated from the original binary format.
modules/map/original/map_99.mid,modules/map/decoded/data__map__map_99.mid.json,map,Decoded JSON generated from the original binary format.
