resource,source,line,context
/data/spr/spr_,work/decompiled/cfr/aa.java,19,"ae.a(byArray, ""/data/spr/spr_"" + n2 + ""_all(r)"");"
/data/ui/dialog.ui,work/decompiled/cfr/ab.java,61,"if (!string.equals(""/data/ui/dialog.ui"")) {"
/data/ui/dialog.ui,work/decompiled/cfr/ab.java,65,"if (!string.equals(""/data/ui/dialog.ui"")) {"
/data/ui/dialog.ui,work/decompiled/cfr/ab.java,69,"if (string.equals(""/data/ui/dialog.ui"")) {"
/data/ui/dialog.ui,work/decompiled/cfr/ab.java,92,"if (!string.equals(""/data/ui/dialog.ui"")) {"
/data/ui/dialog.ui,work/decompiled/cfr/ab.java,97,"if (!string.equals(""/data/ui/dialog.ui"")) {"
/data/img/,work/decompiled/cfr/am.java,22,"am.a[n2] = ae.b(""/data/img/"", ""img_"" + n2);"
/data/script/sprite.mid,work/decompiled/cfr/aq.java,22,"Object object = ""/data/script/sprite.mid"";"
/data/mod/modInfo.mid,work/decompiled/cfr/aq.java,29,"object = ""/data/mod/modInfo.mid"";"
/data/script/chs.mid,work/decompiled/cfr/aq.java,50,"aq.c(""/data/script/chs.mid"");"
/data/script/npcDialog.mid,work/decompiled/cfr/aq.java,51,"aq.a(""/data/script/npcDialog.mid"");"
/data/script/db.mid,work/decompiled/cfr/aq.java,53,"aq.b(""/data/script/db.mid"");"
/data/tex/,work/decompiled/cfr/aq.java,54,"f = ae.b(""/data/tex/"", ""bk"");"
/data/tex/,work/decompiled/cfr/aq.java,117,"aq.e[i2] = ae.a(ae.b(""/data/tex/"", ""tex_"" + i2));"
/data/ui/menu1.ui,work/decompiled/cfr/b.java,105,"b.y.a(""/data/ui/menu1.ui"");"
/data/ui/npcEnemy.ui,work/decompiled/cfr/b.java,332,"b.y.a(""/data/ui/npcEnemy.ui"");"
/data/tex/,work/decompiled/cfr/b.java,911,"this.N = ae.b(""/data/tex/"", string);"
/data/tex/,work/decompiled/cfr/b.java,944,"this.aj[n2] = ae.b(""/data/tex/"", stringArray[n2]);"
/data/script/bTask.mid,work/decompiled/cfr/game/c.java,100,"Object object = ae.c(ae.a(""/data/script/bTask.mid""));"
/data/script/mTask.mid,work/decompiled/cfr/game/c.java,105,"object = ae.c(ae.a(""/data/script/mTask.mid""));"
/data/script/bqTask.mid,work/decompiled/cfr/game/c.java,110,"object = ae.a(""/data/script/bqTask.mid"");"
/data/script/pos.mid,work/decompiled/cfr/game/d.java,211,"am = ae.a(ae.a(""/data/script/pos.mid""));"
/data/script/cpos.mid,work/decompiled/cfr/game/d.java,212,"inputStream = ae.a(""/data/script/cpos.mid"");"
/data/script/effect.mid,work/decompiled/cfr/game/d.java,217,"ao = ae.b(ae.a(""/data/script/effect.mid""));"
/data/script/speffect.mid,work/decompiled/cfr/game/d.java,218,"m = ae.a(ae.a(""/data/script/speffect.mid""));"
/data/script/blood.mid,work/decompiled/cfr/game/d.java,219,"aA = ae.a(ae.a(""/data/script/blood.mid""));"
/data/script/bufDebuf.mid,work/decompiled/cfr/game/d.java,220,"inputStream = ae.a(""/data/script/bufDebuf.mid"");"
/data/tex/,work/decompiled/cfr/game/d.java,302,"game.d.az[n2] = ae.b(""/data/tex/"", ""blood_"" + n2);"
/data/img/,work/decompiled/cfr/game/f.java,50,"this.e = ae.b(""/data/img/"", ""img_833"");"
/data/tex/,work/decompiled/cfr/game/f.java,53,"this.f = ae.b(""/data/tex/"", ""menu"");"
/data/ui/msgtip.ui,work/decompiled/cfr/game/f.java,213,"this.R.a(""/data/ui/msgtip.ui"");"
/data/ui/option.ui,work/decompiled/cfr/game/h.java,54,"private String[] N = new String[]{""/data/ui/option.ui"", ""/data/ui/answer.ui"", ""/data/ui/wharf1.ui""};"
/data/ui/answer.ui,work/decompiled/cfr/game/h.java,54,"private String[] N = new String[]{""/data/ui/option.ui"", ""/data/ui/answer.ui"", ""/data/ui/wharf1.ui""};"
/data/ui/wharf1.ui,work/decompiled/cfr/game/h.java,54,"private String[] N = new String[]{""/data/ui/option.ui"", ""/data/ui/answer.ui"", ""/data/ui/wharf1.ui""};"
/data/ui/world.ui,work/decompiled/cfr/game/h.java,90,"this.p.a(""/data/ui/world.ui"", 257, this);"
/data/ui/world.ui,work/decompiled/cfr/game/h.java,100,"if (this.p.b(""/data/ui/world.ui"")) {"
/data/ui/world.ui,work/decompiled/cfr/game/h.java,109,"if (this.u < 2 && !game.c.f && game.k.J && this.p.c(""/data/ui/world.ui"")) {"
/data/ui/world.ui,work/decompiled/cfr/game/h.java,110,"if (ab.a(this.p.d(""/data/ui/world.ui""), 4)) {"
/data/ui/world.ui,work/decompiled/cfr/game/h.java,111,"((af)this.p.d((String)""/data/ui/world.ui"").a((int)6)).h().a = ((k)this.o).k;"
/data/ui/world.ui,work/decompiled/cfr/game/h.java,113,"} else if (this.u == 1 && ((af)this.p.d((String)""/data/ui/world.ui"").a((int)1)).h().m.a().h() >= 5) {"
/data/ui/world.ui,work/decompiled/cfr/game/h.java,114,"((af)this.p.d((String)""/data/ui/world.ui"").a((int)6)).h().a = """";"
/data/ui/openbox.ui,work/decompiled/cfr/game/h.java,123,"if (this.v < 2 && this.p.b(""/data/ui/openbox.ui"")) {"
/data/ui/taskTip.ui,work/decompiled/cfr/game/h.java,154,"if (this.p.b(""/data/ui/taskTip.ui"")) {"
/data/ui/transmit.ui,work/decompiled/cfr/game/h.java,185,"this.p.a(""/data/ui/transmit.ui"", 257, this);"
/data/ui/transmit.ui,work/decompiled/cfr/game/h.java,223,"this.p.a(""/data/ui/transmit.ui"");"
/data/ui/openbox.ui,work/decompiled/cfr/game/h.java,228,"return this.p.b(""/data/ui/openbox.ui"") || this.p.b(""/data/ui/taskTip.ui"");"
/data/ui/taskTip.ui,work/decompiled/cfr/game/h.java,228,"return this.p.b(""/data/ui/openbox.ui"") || this.p.b(""/data/ui/taskTip.ui"");"
/data/ui/gamemenu.ui,work/decompiled/cfr/game/h.java,234,"this.p.a(""/data/ui/gamemenu.ui"", 257, this);"
/data/ui/gamemenu.ui,work/decompiled/cfr/game/h.java,260,"this.p.a(""/data/ui/gamemenu.ui"");"
/data/ui/gamemenu.ui,work/decompiled/cfr/game/h.java,267,"this.p.a(""/data/ui/gamemenu.ui"");"
/data/ui/gamemenu.ui,work/decompiled/cfr/game/h.java,273,"this.p.a(""/data/ui/gamemenu.ui"");"
/data/ui/gamemenu.ui,work/decompiled/cfr/game/h.java,279,"this.p.a(""/data/ui/gamemenu.ui"");"
/data/ui/gamemenu.ui,work/decompiled/cfr/game/h.java,285,"this.p.a(""/data/ui/gamemenu.ui"");"
/data/ui/gamemenu.ui,work/decompiled/cfr/game/h.java,295,"this.p.a(""/data/ui/gamemenu.ui"");"
/data/ui/gamesystem.ui,work/decompiled/cfr/game/h.java,303,"this.p.a(""/data/ui/gamesystem.ui"", 257, this);"
/data/ui/gamesystem.ui,work/decompiled/cfr/game/h.java,320,"this.p.a(""/data/ui/gamesystem.ui"");"
/data/ui/gamesystem.ui,work/decompiled/cfr/game/h.java,326,"this.p.a(""/data/ui/gamesystem.ui"");"
/data/ui/gamesystem.ui,work/decompiled/cfr/game/h.java,331,"this.p.a(""/data/ui/gamesystem.ui"");"
/data/ui/option.ui,work/decompiled/cfr/game/h.java,336,"this.p.a(""/data/ui/option.ui"", 257, this);"
/data/ui/option.ui,work/decompiled/cfr/game/h.java,345,"this.p.a(""/data/ui/option.ui"");"
/data/ui/gamesystem.ui,work/decompiled/cfr/game/h.java,355,"this.p.a(""/data/ui/gamesystem.ui"");"
/data/ui/gamesystem.ui,work/decompiled/cfr/game/h.java,364,"this.p.a(""/data/ui/gamesystem.ui"");"
/data/ui/option.ui,work/decompiled/cfr/game/h.java,370,"this.p.a(""/data/ui/option.ui"");"
/data/ui/help1.ui,work/decompiled/cfr/game/h.java,377,"this.p.a(""/data/ui/help1.ui"", 257, this);"
/data/ui/help1.ui,work/decompiled/cfr/game/h.java,435,"this.p.a(""/data/ui/help1.ui"");"
/data/ui/help.ui,work/decompiled/cfr/game/h.java,440,"this.p.a(""/data/ui/help.ui"", 257, this);"
/data/ui/help.ui,work/decompiled/cfr/game/h.java,453,"this.p.a(""/data/ui/help.ui"");"
/data/ui/help.ui,work/decompiled/cfr/game/h.java,458,"this.p.a(""/data/ui/help.ui"", 257, this);"
/data/ui/help.ui,work/decompiled/cfr/game/h.java,488,"this.p.a(""/data/ui/help.ui"");"
/data/ui/help1.ui,work/decompiled/cfr/game/h.java,493,"this.p.a(""/data/ui/help1.ui"", 257, this);"
/data/ui/gamesystem.ui,work/decompiled/cfr/game/h.java,494,"this.p.a(""/data/ui/gamesystem.ui"");"
/data/ui/help1.ui,work/decompiled/cfr/game/h.java,520,"this.p.a(""/data/ui/help1.ui"");"
/data/ui/gamesystem.ui,work/decompiled/cfr/game/h.java,526,"this.p.a(""/data/ui/gamesystem.ui"");"
/data/ui/help.ui,work/decompiled/cfr/game/h.java,544,"this.p.a(""/data/ui/help.ui"");"
/data/ui/petstate.ui,work/decompiled/cfr/game/h.java,549,"this.p.a(""/data/ui/petstate.ui"", 257, this);"
/data/ui/msgwarm.ui,work/decompiled/cfr/game/h.java,668,"this.p.a(""/data/ui/msgwarm.ui"", 257, this);"
/data/ui/petstate.ui,work/decompiled/cfr/game/h.java,678,"this.p.a(""/data/ui/petstate.ui"");"
/data/ui/msgconfirm.ui,work/decompiled/cfr/game/h.java,694,"this.p.a(""/data/ui/msgconfirm.ui"", 257, this);"
/data/ui/petstate.ui,work/decompiled/cfr/game/h.java,700,"this.p.a(""/data/ui/petstate.ui"");"
/data/ui/msgwarm.ui,work/decompiled/cfr/game/h.java,705,"this.p.a(""/data/ui/msgwarm.ui"");"
/data/ui/msgconfirm.ui,work/decompiled/cfr/game/h.java,709,"this.p.a(""/data/ui/msgconfirm.ui"");"
/data/ui/msgconfirm.ui,work/decompiled/cfr/game/h.java,723,"this.p.a(""/data/ui/msgconfirm.ui"");"
/data/ui/shop.ui,work/decompiled/cfr/game/h.java,732,"this.p.a(""/data/ui/shop.ui"", 257, this);"
/data/ui/shop.ui,work/decompiled/cfr/game/h.java,754,"this.p.a(""/data/ui/shop.ui"");"
/data/ui/shop.ui,work/decompiled/cfr/game/h.java,759,"this.p.a(""/data/ui/shop.ui"");"
/data/ui/shop.ui,work/decompiled/cfr/game/h.java,764,"this.p.a(""/data/ui/shop.ui"");"
/data/ui/shop.ui,work/decompiled/cfr/game/h.java,769,"this.p.a(""/data/ui/shop.ui"");"
/data/ui/shop.ui,work/decompiled/cfr/game/h.java,777,"this.p.a(""/data/ui/shop.ui"");"
/data/ui/shop.ui,work/decompiled/cfr/game/h.java,784,"this.p.a(""/data/ui/shop.ui"", 257, this);"
/data/ui/shop.ui,work/decompiled/cfr/game/h.java,802,"this.p.a(""/data/ui/shop.ui"");"
/data/ui/shop.ui,work/decompiled/cfr/game/h.java,807,"this.p.a(""/data/ui/shop.ui"");"
/data/ui/msgRecover.ui,work/decompiled/cfr/game/h.java,839,"this.p.a(""/data/ui/msgRecover.ui"");"
/data/ui/shop.ui,work/decompiled/cfr/game/h.java,851,"this.p.a(""/data/ui/shop.ui"");"
/data/ui/shop.ui,work/decompiled/cfr/game/h.java,857,"this.p.a(""/data/ui/shop.ui"", 257, this);"
/data/ui/msgRecover.ui,work/decompiled/cfr/game/h.java,858,"this.p.a(""/data/ui/msgRecover.ui"");"
/data/ui/shop.ui,work/decompiled/cfr/game/h.java,863,"this.p.a(""/data/ui/shop.ui"");"
/data/ui/shop.ui,work/decompiled/cfr/game/h.java,869,"this.p.a(""/data/ui/shop.ui"", 257, this);"
/data/ui/shopbuy.ui,work/decompiled/cfr/game/h.java,886,"this.p.a(""/data/ui/shopbuy.ui"", 257, this);"
/data/ui/msgwarm.ui,work/decompiled/cfr/game/h.java,987,"this.p.a(""/data/ui/msgwarm.ui"");"
/data/ui/msgwarm.ui,work/decompiled/cfr/game/h.java,1002,"this.p.a(""/data/ui/msgwarm.ui"");"
/data/ui/msgwarm.ui,work/decompiled/cfr/game/h.java,1006,"this.p.a(""/data/ui/msgwarm.ui"", 257, this);"
/data/ui/msgwarm.ui,work/decompiled/cfr/game/h.java,1011,"this.p.a(""/data/ui/msgwarm.ui"");"
/data/ui/msgyn.ui,work/decompiled/cfr/game/h.java,1017,"this.p.a(""/data/ui/msgyn.ui"", 257, this);"
/data/ui/msgwarm.ui,work/decompiled/cfr/game/h.java,1027,"this.p.a(""/data/ui/msgwarm.ui"");"
/data/ui/msgyn.ui,work/decompiled/cfr/game/h.java,1031,"this.p.a(""/data/ui/msgyn.ui"");"
/data/ui/msgyn.ui,work/decompiled/cfr/game/h.java,1034,"this.p.a(""/data/ui/msgyn.ui"");"
/data/ui/msgwarm.ui,work/decompiled/cfr/game/h.java,1039,"this.p.a(""/data/ui/msgwarm.ui"");"
/data/ui/msgwarm.ui,work/decompiled/cfr/game/h.java,1043,"this.p.a(""/data/ui/msgwarm.ui"", 257, this);"
/data/ui/msgwarm.ui,work/decompiled/cfr/game/h.java,1047,"this.p.a(""/data/ui/msgwarm.ui"");"
/data/ui/shopbuy.ui,work/decompiled/cfr/game/h.java,1059,"this.p.a(""/data/ui/shopbuy.ui"");"
/data/ui/shopbuy.ui,work/decompiled/cfr/game/h.java,1061,"this.p.a(""/data/ui/shopbuy.ui"");"
/data/ui/msgyn.ui,work/decompiled/cfr/game/h.java,1067,"this.p.a(""/data/ui/msgyn.ui"");"
/data/ui/msgwarm.ui,work/decompiled/cfr/game/h.java,1094,"this.p.a(""/data/ui/msgwarm.ui"", 257, this);"
/data/ui/msgyn.ui,work/decompiled/cfr/game/h.java,1105,"this.p.a(""/data/ui/msgyn.ui"");"
/data/ui/msgwarm.ui,work/decompiled/cfr/game/h.java,1116,"this.p.a(""/data/ui/msgwarm.ui"", 257, this);"
/data/ui/msgyn.ui,work/decompiled/cfr/game/h.java,1127,"this.p.a(""/data/ui/msgyn.ui"");"
/data/ui/msgwarm.ui,work/decompiled/cfr/game/h.java,1131,"this.p.a(""/data/ui/msgwarm.ui"", 257, this);"
/data/ui/msgyn.ui,work/decompiled/cfr/game/h.java,1158,"this.p.a(""/data/ui/msgyn.ui"");"
/data/ui/msgwarm.ui,work/decompiled/cfr/game/h.java,1191,"this.p.a(""/data/ui/msgwarm.ui"", 257, this);"
/data/ui/msgwarm.ui,work/decompiled/cfr/game/h.java,1195,"this.p.a(""/data/ui/msgwarm.ui"");"
/data/ui/msgwarm.ui,work/decompiled/cfr/game/h.java,1199,"return !this.p.b(""/data/ui/msgwarm.ui"");"
/data/ui/msgtip.ui,work/decompiled/cfr/game/h.java,1208,"this.p.a(""/data/ui/msgtip.ui"", 257, this);"
/data/ui/msgtip.ui,work/decompiled/cfr/game/h.java,1212,"this.p.a(""/data/ui/msgtip.ui"");"
/data/ui/msgtip.ui,work/decompiled/cfr/game/h.java,1216,"return !this.p.b(""/data/ui/msgtip.ui"");"
/data/ui/msgtip.ui,work/decompiled/cfr/game/h.java,1239,"this.p.a(""/data/ui/msgtip.ui"");"
/data/ui/msgtip.ui,work/decompiled/cfr/game/h.java,1250,"this.p.a(""/data/ui/msgtip.ui"");"
/data/ui/gamemenu.ui,work/decompiled/cfr/game/h.java,1251,"this.p.a(""/data/ui/gamemenu.ui"");"
/data/ui/shopbuy.ui,work/decompiled/cfr/game/h.java,1263,"this.p.a(""/data/ui/shopbuy.ui"", 257, this);"
/data/ui/msgyn.ui,work/decompiled/cfr/game/h.java,1365,"this.p.a(""/data/ui/msgyn.ui"", 257, this);"
/data/ui/msgyn.ui,work/decompiled/cfr/game/h.java,1372,"this.p.a(""/data/ui/msgyn.ui"");"
/data/ui/shopbuy.ui,work/decompiled/cfr/game/h.java,1382,"this.p.a(""/data/ui/shopbuy.ui"");"
/data/ui/msgyn.ui,work/decompiled/cfr/game/h.java,1388,"this.p.a(""/data/ui/msgyn.ui"");"
/data/ui/record.ui,work/decompiled/cfr/game/h.java,1394,"this.p.a(""/data/ui/record.ui"", 257, this);"
/data/ui/gamemenu.ui,work/decompiled/cfr/game/h.java,1395,"this.p.a(""/data/ui/gamemenu.ui"");"
/data/ui/record.ui,work/decompiled/cfr/game/h.java,1447,"this.p.a(""/data/ui/record.ui"");"
/data/ui/petmap.ui,work/decompiled/cfr/game/h.java,1453,"this.p.a(""/data/ui/petmap.ui"", 257, this);"
/data/ui/record.ui,work/decompiled/cfr/game/h.java,1454,"this.p.a(""/data/ui/record.ui"");"
/data/ui/petmap.ui,work/decompiled/cfr/game/h.java,1533,"this.p.a(""/data/ui/petmap.ui"");"
/data/ui/task.ui,work/decompiled/cfr/game/h.java,1539,"this.p.a(""/data/ui/task.ui"", 257, this);"
/data/ui/gamemenu.ui,work/decompiled/cfr/game/h.java,1540,"this.p.a(""/data/ui/gamemenu.ui"");"
/data/ui/task.ui,work/decompiled/cfr/game/h.java,1691,"this.p.a(""/data/ui/task.ui"");"
/data/ui/task.ui,work/decompiled/cfr/game/h.java,1702,"this.p.a(""/data/ui/task.ui"");"
/data/ui/badge.ui,work/decompiled/cfr/game/h.java,1708,"this.p.a(""/data/ui/badge.ui"", 257, this);"
/data/ui/record.ui,work/decompiled/cfr/game/h.java,1709,"this.p.a(""/data/ui/record.ui"");"
/data/ui/badge.ui,work/decompiled/cfr/game/h.java,1759,"this.p.a(""/data/ui/badge.ui"");"
/data/ui/smsTip.ui,work/decompiled/cfr/game/h.java,1764,"this.p.a(""/data/ui/smsTip.ui"", 257, this);"
/data/ui/smsTip.ui,work/decompiled/cfr/game/h.java,1777,"this.p.a(""/data/ui/smsTip.ui"");"
/data/ui/petstate.ui,work/decompiled/cfr/game/h.java,1789,"v1.p.a(""/data/ui/petstate.ui"", 257, v1);"
/data/ui/msgwarm.ui,work/decompiled/cfr/game/h.java,1922,"this.p.a(""/data/ui/msgwarm.ui"", 257, this);"
/data/ui/petsetting.ui,work/decompiled/cfr/game/h.java,1924,"this.p.a(""/data/ui/petsetting.ui"");"
/data/ui/msgwarm.ui,work/decompiled/cfr/game/h.java,1927,"this.p.a(""/data/ui/msgwarm.ui"", 257, this);"
/data/ui/petsetting.ui,work/decompiled/cfr/game/h.java,1929,"this.p.a(""/data/ui/petsetting.ui"");"
/data/ui/petsetting.ui,work/decompiled/cfr/game/h.java,1934,"this.p.a(""/data/ui/petsetting.ui"");"
/data/ui/petstate.ui,work/decompiled/cfr/game/h.java,1935,"this.p.a(""/data/ui/petstate.ui"");"
/data/ui/msgwarm.ui,work/decompiled/cfr/game/h.java,1951,"this.p.a(""/data/ui/msgwarm.ui"", 257, this);"
/data/ui/msgwarm.ui,work/decompiled/cfr/game/h.java,1956,"this.p.a(""/data/ui/msgwarm.ui"", 257, this);"
/data/ui/petsetting.ui,work/decompiled/cfr/game/h.java,1963,"this.p.a(""/data/ui/petsetting.ui"", 257, this);"
/data/ui/petstate.ui,work/decompiled/cfr/game/h.java,2006,"this.p.a(""/data/ui/petstate.ui"");"
/data/ui/petstate.ui,work/decompiled/cfr/game/h.java,2011,"this.p.a(""/data/ui/petstate.ui"");"
/data/ui/msgwarm.ui,work/decompiled/cfr/game/h.java,2030,"this.p.a(""/data/ui/msgwarm.ui"");"
/data/ui/petstate.ui,work/decompiled/cfr/game/h.java,2031,"this.p.a(""/data/ui/petstate.ui"");"
/data/ui/choice.ui,work/decompiled/cfr/game/h.java,2039,"v1.p.a(""/data/ui/choice.ui"", 257, v1);"
/data/ui/petsetting.ui,work/decompiled/cfr/game/h.java,2040,"v1.p.a(""/data/ui/petsetting.ui"");"
/data/ui/petstate.ui,work/decompiled/cfr/game/h.java,2041,"v1.p.a(""/data/ui/petstate.ui"");"
/data/ui/msgwarm.ui,work/decompiled/cfr/game/h.java,2064,"this.p.a(""/data/ui/msgwarm.ui"", 257, this);"
/data/ui/petsetting.ui,work/decompiled/cfr/game/h.java,2066,"this.p.a(""/data/ui/petsetting.ui"");"
/data/ui/msgwarm.ui,work/decompiled/cfr/game/h.java,2073,"this.p.a(""/data/ui/msgwarm.ui"", 257, this);"
/data/ui/petsetting.ui,work/decompiled/cfr/game/h.java,2075,"this.p.a(""/data/ui/petsetting.ui"");"
/data/ui/petsetting.ui,work/decompiled/cfr/game/h.java,2082,"this.p.a(""/data/ui/petsetting.ui"");"
/data/ui/choice.ui,work/decompiled/cfr/game/h.java,2092,"v1.p.a(""/data/ui/choice.ui"", 257, v1);"
/data/ui/petsetting.ui,work/decompiled/cfr/game/h.java,2093,"v1.p.a(""/data/ui/petsetting.ui"");"
/data/ui/petstate.ui,work/decompiled/cfr/game/h.java,2094,"v1.p.a(""/data/ui/petstate.ui"");"
/data/ui/petsetting.ui,work/decompiled/cfr/game/h.java,2118,"this.p.a(""/data/ui/petsetting.ui"");"
/data/ui/msgconfirm.ui,work/decompiled/cfr/game/h.java,2123,"this.p.a(""/data/ui/msgconfirm.ui"", 257, this);"
/data/ui/petsetting.ui,work/decompiled/cfr/game/h.java,2124,"this.p.a(""/data/ui/petsetting.ui"");"
/data/ui/skill.ui,work/decompiled/cfr/game/h.java,2132,"v1.p.a(""/data/ui/skill.ui"", 257, v1);"
/data/ui/petsetting.ui,work/decompiled/cfr/game/h.java,2133,"v1.p.a(""/data/ui/petsetting.ui"");"
/data/ui/petstate.ui,work/decompiled/cfr/game/h.java,2134,"v1.p.a(""/data/ui/petstate.ui"");"
/data/ui/petsetting.ui,work/decompiled/cfr/game/h.java,2167,"this.p.a(""/data/ui/petsetting.ui"");"
/data/ui/msgwarm.ui,work/decompiled/cfr/game/h.java,2175,"this.p.a(""/data/ui/msgwarm.ui"");"
/data/ui/msgwarm.ui,work/decompiled/cfr/game/h.java,2184,"this.p.a(""/data/ui/msgwarm.ui"");"
/data/ui/choice.ui,work/decompiled/cfr/game/h.java,2224,"v1.p.a(""/data/ui/choice.ui"");"
/data/ui/choice.ui,work/decompiled/cfr/game/h.java,2229,"v1.p.a(""/data/ui/choice.ui"");"
/data/ui/msgwarm.ui,work/decompiled/cfr/game/h.java,2252,"v1.p.a(""/data/ui/msgwarm.ui"", 257, v1);"
/data/ui/msgwarm.ui,work/decompiled/cfr/game/h.java,2259,"v1.p.a(""/data/ui/msgwarm.ui"", 257, v1);"
/data/ui/msgwarm.ui,work/decompiled/cfr/game/h.java,2264,"v1.p.a(""/data/ui/msgwarm.ui"", 257, v1);"
/data/ui/msgwarm.ui,work/decompiled/cfr/game/h.java,2269,"v1.p.a(""/data/ui/msgwarm.ui"", 257, v1);"
/data/ui/msgwarm.ui,work/decompiled/cfr/game/h.java,2274,"v1.p.a(""/data/ui/msgwarm.ui"", 257, v1);"
/data/ui/msgwarm.ui,work/decompiled/cfr/game/h.java,2279,"v1.p.a(""/data/ui/msgwarm.ui"", 257, v1);"
/data/ui/msgwarm.ui,work/decompiled/cfr/game/h.java,2284,"v1.p.a(""/data/ui/msgwarm.ui"", 257, v1);"
/data/ui/msgwarm.ui,work/decompiled/cfr/game/h.java,2289,"v1.p.a(""/data/ui/msgwarm.ui"", 257, v1);"
/data/ui/msgwarm.ui,work/decompiled/cfr/game/h.java,2294,"v1.p.a(""/data/ui/msgwarm.ui"", 257, v1);"
/data/ui/msgwarm.ui,work/decompiled/cfr/game/h.java,2302,"v1.p.a(""/data/ui/msgwarm.ui"", 257, v1);"
/data/ui/choice.ui,work/decompiled/cfr/game/h.java,2304,"v1.p.a(""/data/ui/choice.ui"");"
/data/ui/msgwarm.ui,work/decompiled/cfr/game/h.java,2309,"v1.p.a(""/data/ui/msgwarm.ui"");"
/data/ui/msgwarm.ui,work/decompiled/cfr/game/h.java,2314,"v1.p.a(""/data/ui/msgwarm.ui"");"
/data/ui/choice.ui,work/decompiled/cfr/game/h.java,2320,"v1.p.a(""/data/ui/choice.ui"");"
/data/ui/skill.ui,work/decompiled/cfr/game/h.java,2349,"v1.p.a(""/data/ui/skill.ui"");"
/data/ui/msgconfirm.ui,work/decompiled/cfr/game/h.java,2366,"this.p.a(""/data/ui/msgconfirm.ui"");"
/data/ui/msgwarm.ui,work/decompiled/cfr/game/h.java,2371,"this.p.a(""/data/ui/msgwarm.ui"", 257, this);"
/data/ui/msgconfirm.ui,work/decompiled/cfr/game/h.java,2373,"this.p.a(""/data/ui/msgconfirm.ui"");"
/data/ui/msgwarm.ui,work/decompiled/cfr/game/h.java,2377,"this.p.a(""/data/ui/msgwarm.ui"");"
/data/ui/msgconfirm.ui,work/decompiled/cfr/game/h.java,2382,"this.p.a(""/data/ui/msgconfirm.ui"");"
/data/ui/msgwarm.ui,work/decompiled/cfr/game/h.java,2397,"this.p.a(""/data/ui/msgwarm.ui"");"
/data/ui/evolve.ui,work/decompiled/cfr/game/h.java,2526,"this.p.a(""/data/ui/evolve.ui"", 257, this);"
/data/ui/petsetting.ui,work/decompiled/cfr/game/h.java,2527,"this.p.a(""/data/ui/petsetting.ui"");"
/data/ui/petstate.ui,work/decompiled/cfr/game/h.java,2528,"this.p.a(""/data/ui/petstate.ui"");"
/data/ui/msgwarm.ui,work/decompiled/cfr/game/h.java,2589,"this.p.a(""/data/ui/msgwarm.ui"", 257, this);"
/data/ui/msgwarm.ui,work/decompiled/cfr/game/h.java,2593,"this.p.a(""/data/ui/msgwarm.ui"", 257, this);"
/data/ui/msgwarm.ui,work/decompiled/cfr/game/h.java,2624,"this.p.a(""/data/ui/msgwarm.ui"", 257, this);"
/data/ui/msgwarm.ui,work/decompiled/cfr/game/h.java,2633,"this.p.a(""/data/ui/msgwarm.ui"", 257, this);"
/data/ui/msgwarm.ui,work/decompiled/cfr/game/h.java,2640,"this.p.a(""/data/ui/msgwarm.ui"");"
/data/ui/msgwarm.ui,work/decompiled/cfr/game/h.java,2648,"this.p.a(""/data/ui/msgwarm.ui"");"
/data/ui/evolve.ui,work/decompiled/cfr/game/h.java,2649,"this.p.a(""/data/ui/evolve.ui"");"
/data/ui/evolve.ui,work/decompiled/cfr/game/h.java,2656,"this.p.a(""/data/ui/evolve.ui"");"
/data/ui/bag.ui,work/decompiled/cfr/game/h.java,2661,"this.p.a(""/data/ui/bag.ui"", 257, this);"
/data/ui/petstate.ui,work/decompiled/cfr/game/h.java,2966,"this.p.a(""/data/ui/petstate.ui"");"
/data/ui/petstate.ui,work/decompiled/cfr/game/h.java,2988,"this.p.a(""/data/ui/petstate.ui"");"
/data/ui/msgwarm.ui,work/decompiled/cfr/game/h.java,3006,"this.p.a(""/data/ui/msgwarm.ui"", 257, this);"
/data/ui/msgwarm.ui,work/decompiled/cfr/game/h.java,3012,"this.p.a(""/data/ui/msgwarm.ui"", 257, this);"
/data/ui/msgwarm.ui,work/decompiled/cfr/game/h.java,3021,"this.p.a(""/data/ui/msgwarm.ui"");"
/data/ui/petstate.ui,work/decompiled/cfr/game/h.java,3022,"this.p.a(""/data/ui/petstate.ui"");"
/data/ui/msgwarm.ui,work/decompiled/cfr/game/h.java,3027,"this.p.a(""/data/ui/msgwarm.ui"");"
/data/ui/petstate.ui,work/decompiled/cfr/game/h.java,3033,"this.p.a(""/data/ui/petstate.ui"");"
/data/ui/msgwarm.ui,work/decompiled/cfr/game/h.java,3100,"this.p.a(""/data/ui/msgwarm.ui"", 257, this);"
/data/ui/msgwarm.ui,work/decompiled/cfr/game/h.java,3105,"this.p.a(""/data/ui/msgwarm.ui"");"
/data/ui/msgwarm.ui,work/decompiled/cfr/game/h.java,3124,"this.p.a(""/data/ui/msgwarm.ui"", 257, this);"
/data/ui/msgwarm.ui,work/decompiled/cfr/game/h.java,3129,"this.p.a(""/data/ui/msgwarm.ui"", 257, this);"
/data/ui/bag.ui,work/decompiled/cfr/game/h.java,3170,"this.p.a(""/data/ui/bag.ui"");"
/data/ui/bag.ui,work/decompiled/cfr/game/h.java,3209,"this.p.a(""/data/ui/bag.ui"");"
/data/ui/bag.ui,work/decompiled/cfr/game/h.java,3214,"this.p.a(""/data/ui/bag.ui"");"
/data/ui/bag.ui,work/decompiled/cfr/game/h.java,3219,"this.p.a(""/data/ui/bag.ui"");"
/data/ui/bag.ui,work/decompiled/cfr/game/h.java,3227,"this.p.a(""/data/ui/bag.ui"");"
/data/ui/bag.ui,work/decompiled/cfr/game/h.java,3279,"this.p.a(""/data/ui/bag.ui"");"
/data/ui/ride.ui,work/decompiled/cfr/game/h.java,3327,"this.p.a(""/data/ui/ride.ui"", 257, this);"
/data/ui/ride.ui,work/decompiled/cfr/game/h.java,3381,"this.p.a(""/data/ui/ride.ui"");"
/data/ui/ride.ui,work/decompiled/cfr/game/h.java,3387,"this.p.a(""/data/ui/ride.ui"");"
/data/ui/ride.ui,work/decompiled/cfr/game/h.java,3396,"this.p.a(""/data/ui/ride.ui"");"
/data/ui/battle.ui,work/decompiled/cfr/game/h.java,3404,"this.p.a(""/data/ui/battle.ui"", 257, this);"
/data/ui/world.ui,work/decompiled/cfr/game/h.java,3413,"this.p.a(""/data/ui/world.ui"");"
/data/ui/battle.ui,work/decompiled/cfr/game/h.java,3691,"this.p.a(""/data/ui/battle.ui"");"
/data/ui/msgwarm.ui,work/decompiled/cfr/game/h.java,3725,"this.p.a(""/data/ui/msgwarm.ui"", 257, this);"
/data/ui/msgwarm.ui,work/decompiled/cfr/game/h.java,3734,"this.p.a(""/data/ui/msgwarm.ui"");"
/data/ui/msgwarm.ui,work/decompiled/cfr/game/h.java,3741,"this.p.a(""/data/ui/msgwarm.ui"", 257, this);"
/data/ui/msgwarm.ui,work/decompiled/cfr/game/h.java,3752,"this.p.a(""/data/ui/msgwarm.ui"");"
/data/ui/msgwarm.ui,work/decompiled/cfr/game/h.java,3779,"this.p.a(""/data/ui/msgwarm.ui"", 257, this);"
/data/ui/msgwarm.ui,work/decompiled/cfr/game/h.java,3815,"this.p.a(""/data/ui/msgwarm.ui"");"
/data/ui/choiceskill.ui,work/decompiled/cfr/game/h.java,3834,"this.p.a(""/data/ui/choiceskill.ui"", 257, this);"
/data/ui/choiceskill.ui,work/decompiled/cfr/game/h.java,3882,"this.p.a(""/data/ui/choiceskill.ui"");"
/data/ui/msgwarm.ui,work/decompiled/cfr/game/h.java,3893,"this.p.a(""/data/ui/msgwarm.ui"", 257, this);"
/data/ui/msgwarm.ui,work/decompiled/cfr/game/h.java,3898,"this.p.a(""/data/ui/msgwarm.ui"");"
/data/ui/choiceskill.ui,work/decompiled/cfr/game/h.java,3906,"this.p.a(""/data/ui/choiceskill.ui"");"
/data/ui/choiceskill.ui,work/decompiled/cfr/game/h.java,3913,"this.p.a(""/data/ui/choiceskill.ui"");"
/data/ui/choice.ui,work/decompiled/cfr/game/h.java,3922,"this.p.a(""/data/ui/choice.ui"", 257, this);"
/data/ui/msgwarm.ui,work/decompiled/cfr/game/h.java,3966,"this.p.a(""/data/ui/msgwarm.ui"", 257, this);"
/data/ui/choice.ui,work/decompiled/cfr/game/h.java,3975,"this.p.a(""/data/ui/choice.ui"");"
/data/ui/choice.ui,work/decompiled/cfr/game/h.java,3979,"this.p.a(""/data/ui/choice.ui"");"
/data/ui/msgwarm.ui,work/decompiled/cfr/game/h.java,3983,"this.p.a(""/data/ui/msgwarm.ui"");"
/data/ui/choice.ui,work/decompiled/cfr/game/h.java,3986,"this.p.a(""/data/ui/choice.ui"");"
/data/ui/choice.ui,work/decompiled/cfr/game/h.java,3996,"this.p.a(""/data/ui/choice.ui"", 257, this);"
/data/ui/msgwarm.ui,work/decompiled/cfr/game/h.java,4025,"this.p.a(""/data/ui/msgwarm.ui"", 257, this);"
/data/ui/choice.ui,work/decompiled/cfr/game/h.java,4032,"this.p.a(""/data/ui/choice.ui"");"
/data/ui/msgwarm.ui,work/decompiled/cfr/game/h.java,4036,"this.p.a(""/data/ui/msgwarm.ui"");"
/data/ui/choice.ui,work/decompiled/cfr/game/h.java,4041,"this.p.a(""/data/ui/choice.ui"");"
/data/ui/msgwarm.ui,work/decompiled/cfr/game/h.java,4052,"this.p.a(""/data/ui/msgwarm.ui"", 257, this);"
/data/ui/msgwarm.ui,work/decompiled/cfr/game/h.java,4057,"this.p.a(""/data/ui/msgwarm.ui"", 257, this);"
/data/ui/msgwarm.ui,work/decompiled/cfr/game/h.java,4062,"this.p.a(""/data/ui/msgwarm.ui"", 257, this);"
/data/ui/msgwarm.ui,work/decompiled/cfr/game/h.java,4067,"this.p.a(""/data/ui/msgwarm.ui"", 257, this);"
/data/ui/msgwarm.ui,work/decompiled/cfr/game/h.java,4072,"this.p.a(""/data/ui/msgwarm.ui"", 257, this);"
/data/ui/msgwarm.ui,work/decompiled/cfr/game/h.java,4077,"this.p.a(""/data/ui/msgwarm.ui"", 257, this);"
/data/ui/msgwarm.ui,work/decompiled/cfr/game/h.java,4082,"this.p.a(""/data/ui/msgwarm.ui"", 257, this);"
/data/ui/msgwarm.ui,work/decompiled/cfr/game/h.java,4087,"this.p.a(""/data/ui/msgwarm.ui"", 257, this);"
/data/ui/msgwarm.ui,work/decompiled/cfr/game/h.java,4102,"this.p.a(""/data/ui/msgwarm.ui"", 257, this);"
/data/ui/msgwarm.ui,work/decompiled/cfr/game/h.java,4113,"this.p.a(""/data/ui/msgwarm.ui"");"
/data/ui/msgwarm.ui,work/decompiled/cfr/game/h.java,4118,"this.p.a(""/data/ui/msgwarm.ui"");"
/data/ui/petstate.ui,work/decompiled/cfr/game/h.java,4119,"this.p.a(""/data/ui/petstate.ui"");"
/data/ui/petstate.ui,work/decompiled/cfr/game/h.java,4160,"this.p.a(""/data/ui/petstate.ui"");"
/data/ui/petstate.ui,work/decompiled/cfr/game/h.java,4164,"this.p.a(""/data/ui/petstate.ui"");"
/data/ui/levelUp.ui,work/decompiled/cfr/game/h.java,4294,"this.p.a(""/data/ui/levelUp.ui"", 257, this);"
/data/ui/levelUp.ui,work/decompiled/cfr/game/h.java,4331,"this.p.a(""/data/ui/levelUp.ui"");"
/data/ui/levelUp.ui,work/decompiled/cfr/game/h.java,4334,"this.p.a(""/data/ui/levelUp.ui"");"
/data/ui/levelUp.ui,work/decompiled/cfr/game/h.java,4350,"this.p.a(""/data/ui/levelUp.ui"");"
/data/ui/levelUp.ui,work/decompiled/cfr/game/h.java,4354,"this.p.a(""/data/ui/levelUp.ui"");"
/data/ui/choiceskill.ui,work/decompiled/cfr/game/h.java,4359,"this.p.a(""/data/ui/choiceskill.ui"", 257, this);"
/data/ui/levelUp.ui,work/decompiled/cfr/game/h.java,4360,"this.p.a(""/data/ui/levelUp.ui"");"
/data/ui/msgwarm.ui,work/decompiled/cfr/game/h.java,4410,"this.p.a(""/data/ui/msgwarm.ui"", 257, this);"
/data/ui/msgwarm.ui,work/decompiled/cfr/game/h.java,4422,"this.p.a(""/data/ui/msgwarm.ui"");"
/data/ui/choiceskill.ui,work/decompiled/cfr/game/h.java,4423,"this.p.a(""/data/ui/choiceskill.ui"");"
/data/ui/bodyShop.ui,work/decompiled/cfr/game/h.java,4458,"this.p.a(""/data/ui/bodyShop.ui"");"
/data/ui/msgtip.ui,work/decompiled/cfr/game/h.java,4482,"v1.p.a(""/data/ui/msgtip.ui"");"
/data/ui/msgwarm.ui,work/decompiled/cfr/game/h.java,4505,"v1.p.a(""/data/ui/msgwarm.ui"", 257, v1);"
/data/ui/msgwarm.ui,work/decompiled/cfr/game/h.java,4518,"v1.p.a(""/data/ui/msgwarm.ui"");"
/data/ui/choiceskill.ui,work/decompiled/cfr/game/h.java,4519,"v1.p.a(""/data/ui/choiceskill.ui"");"
/data/ui/choiceskill.ui,work/decompiled/cfr/game/h.java,4525,"v2.p.a(""/data/ui/choiceskill.ui"", 257, v2);"
/data/ui/levelUp.ui,work/decompiled/cfr/game/h.java,4526,"v2.p.a(""/data/ui/levelUp.ui"");"
/data/ui/levelUp.ui,work/decompiled/cfr/game/h.java,4554,"this.p.a(""/data/ui/levelUp.ui"", 257, this);"
/data/ui/npcEnemy.ui,work/decompiled/cfr/game/h.java,4579,"this.p.a(""/data/ui/npcEnemy.ui"", 296, this);"
/data/ui/openbox.ui,work/decompiled/cfr/game/h.java,4782,"this.p.a(""/data/ui/openbox.ui"", 257, this);"
/data/ui/openbox.ui,work/decompiled/cfr/game/h.java,4787,"this.p.a(""/data/ui/openbox.ui"", 257, this);"
/data/ui/openbox.ui,work/decompiled/cfr/game/h.java,4792,"this.p.a(""/data/ui/openbox.ui"", 257, this);"
/data/ui/openbox.ui,work/decompiled/cfr/game/h.java,4797,"this.p.a(""/data/ui/openbox.ui"", 257, this);"
/data/ui/openbox.ui,work/decompiled/cfr/game/h.java,4802,"if (this.p.b(""/data/ui/openbox.ui"")) {"
/data/ui/openbox.ui,work/decompiled/cfr/game/h.java,4803,"this.p.a(""/data/ui/openbox.ui"");"
/data/ui/openbox.ui,work/decompiled/cfr/game/h.java,4808,"return !this.p.b(""/data/ui/openbox.ui"");"
/data/ui/taskTip.ui,work/decompiled/cfr/game/h.java,4812,"this.p.a(""/data/ui/taskTip.ui"", 257, this);"
/data/ui/taskTip.ui,work/decompiled/cfr/game/h.java,4827,"if (this.p.b(""/data/ui/taskTip.ui"")) {"
/data/ui/taskTip.ui,work/decompiled/cfr/game/h.java,4828,"this.p.a(""/data/ui/taskTip.ui"");"
/data/ui/taskTip.ui,work/decompiled/cfr/game/h.java,4833,"return !this.p.b(""/data/ui/taskTip.ui"");"
/data/ui/bodyShop.ui,work/decompiled/cfr/game/h.java,4839,"this.p.a(""/data/ui/bodyShop.ui"", 257, this);"
/data/ui/bodyShop.ui,work/decompiled/cfr/game/h.java,4903,"this.p.a(""/data/ui/bodyShop.ui"");"
/data/ui/bodyShop.ui,work/decompiled/cfr/game/h.java,4909,"this.p.a(""/data/ui/bodyShop.ui"");"
/data/ui/msgwarm.ui,work/decompiled/cfr/game/h.java,4937,"this.p.a(""/data/ui/msgwarm.ui"", 257, this);"
/data/ui/msgwarm.ui,work/decompiled/cfr/game/h.java,4950,"this.p.a(""/data/ui/msgwarm.ui"");"
/data/ui/bodyShop.ui,work/decompiled/cfr/game/h.java,4956,"this.p.a(""/data/ui/bodyShop.ui"");"
/data/ui/msgtip.ui,work/decompiled/cfr/game/h.java,5007,"this.p.a(""/data/ui/msgtip.ui"");"
/data/ui/dialog.ui,work/decompiled/cfr/game/h.java,5016,"this.p.a(""/data/ui/dialog.ui"", 257, this);"
/data/ui/dialog.ui,work/decompiled/cfr/game/h.java,5022,"this.p.a(""/data/ui/dialog.ui"", 257, this);"
/data/ui/dialog.ui,work/decompiled/cfr/game/h.java,5054,"this.p.a(""/data/ui/dialog.ui"");"
/data/ui/taskOption.ui,work/decompiled/cfr/game/h.java,5124,"this.p.a(""/data/ui/taskOption.ui"", 257, this);"
/data/ui/taskOption.ui,work/decompiled/cfr/game/h.java,5185,"this.p.a(""/data/ui/taskOption.ui"");"
/data/ui/taskOption.ui,work/decompiled/cfr/game/h.java,5189,"this.p.a(""/data/ui/taskOption.ui"");"
/data/ui/smsInfo.ui,work/decompiled/cfr/game/h.java,5313,"this.p.a(""/data/ui/smsInfo.ui"", 257, this);"
/data/ui/smsInfo.ui,work/decompiled/cfr/game/h.java,5335,"this.p.a(""/data/ui/smsInfo.ui"");"
/data/ui/smsTip.ui,work/decompiled/cfr/game/h.java,5339,"if (!this.p.c(""/data/ui/smsTip.ui"")) {"
/data/ui/smsTip.ui,work/decompiled/cfr/game/h.java,5340,"this.p.a(""/data/ui/smsTip.ui"", 257, this);"
/data/ui/smsTip.ui,work/decompiled/cfr/game/h.java,5354,"this.p.a(""/data/ui/smsTip.ui"");"
/data/ui/wharf1.ui,work/decompiled/cfr/game/h.java,5422,"this.p.a(""/data/ui/wharf1.ui"", 257, this);"
/data/ui/wharf2.ui,work/decompiled/cfr/game/h.java,5430,"this.p.a(""/data/ui/wharf2.ui"", 257, this);"
/data/ui/wharf1.ui,work/decompiled/cfr/game/h.java,5450,"this.p.a(""/data/ui/wharf1.ui"");"
/data/ui/wharf2.ui,work/decompiled/cfr/game/h.java,5454,"this.p.a(""/data/ui/wharf2.ui"");"
/data/ui/wharf1.ui,work/decompiled/cfr/game/h.java,5471,"this.p.a(""/data/ui/wharf1.ui"");"
/data/ui/wharf2.ui,work/decompiled/cfr/game/h.java,5475,"this.p.a(""/data/ui/wharf2.ui"");"
/data/ui/wharf1.ui,work/decompiled/cfr/game/h.java,5487,"this.p.a(""/data/ui/wharf1.ui"");"
/data/ui/wharf2.ui,work/decompiled/cfr/game/h.java,5491,"this.p.a(""/data/ui/wharf2.ui"");"
/data/ui/shopbuy.ui,work/decompiled/cfr/game/h.java,5501,"this.p.a(""/data/ui/shopbuy.ui"", 257, this);"
/data/ui/shopbuy.ui,work/decompiled/cfr/game/h.java,5534,"this.p.a(""/data/ui/shopbuy.ui"");"
/data/ui/wharf2.ui,work/decompiled/cfr/game/h.java,5575,"this.p.a(""/data/ui/wharf2.ui"", 257, this);"
/data/ui/wharf2.ui,work/decompiled/cfr/game/h.java,5598,"this.p.a(""/data/ui/wharf2.ui"");"
/data/ui/wharf2.ui,work/decompiled/cfr/game/h.java,5606,"this.p.a(""/data/ui/wharf2.ui"");"
/data/ui/wharf2.ui,work/decompiled/cfr/game/h.java,5617,"this.p.a(""/data/ui/wharf2.ui"");"
/data/ui/wharf2.ui,work/decompiled/cfr/game/h.java,5622,"this.p.a(""/data/ui/wharf2.ui"");"
/data/ui/wharf2.ui,work/decompiled/cfr/game/h.java,5634,"this.p.a(""/data/ui/wharf2.ui"");"
/data/logo/,work/decompiled/cfr/game/i.java,127,"this.l = ae.a(""/data/logo/"", ""0"");"
/data/logo/,work/decompiled/cfr/game/i.java,251,"this.l = ae.a(""/data/logo/"", ""cwalogo"");"
/data/sound/,work/decompiled/cfr/game/i.java,469,"InputStream inputStream = aj.a(""/data/sound/"" + string + "".mid"");"
/data/sound,work/decompiled/cfr/game/i.java,486,"h.a(exception, ""/data/sound"" + string + "".mid"");"
/data/ui/dialog.ui,work/decompiled/cfr/game/j.java,118,"if (game.k.a().R.b(""/data/ui/dialog.ui"")) {"
/data/ui/dialog.ui,work/decompiled/cfr/game/j.java,511,"if (game.k.a().R.b(""/data/ui/dialog.ui"")) {"
/data/script/petArea.mid,work/decompiled/cfr/game/k.java,176,"object = ae.a(""/data/script/petArea.mid"");"
/data/script/petRide.mid,work/decompiled/cfr/game/k.java,221,"InputStream inputStream = ae.a(""/data/script/petRide.mid"");"
/data/script/backPic.mid,work/decompiled/cfr/game/k.java,252,"InputStream inputStream = ae.a(""/data/script/backPic.mid"");"
/data/img/,work/decompiled/cfr/game/k.java,263,"m = ae.b(""/data/img/"", ""img_"" + this.ax[i2][3]);"
/data/tex/,work/decompiled/cfr/game/k.java,273,"ad = ae.b(""/data/tex/"", ""gold"");"
/data/img/,work/decompiled/cfr/game/k.java,276,"ae = ae.b(""/data/img/"", ""img_10023"");"
/data/event/,work/decompiled/cfr/game/k.java,312,"Object object = ""/data/event/"";"
/data/tex/,work/decompiled/cfr/game/k.java,610,"this.av[i3] = ae.b(""/data/tex/"", ""down"" + i3);"
/data/ui/battle.ui,work/decompiled/cfr/game/k.java,1406,"this.R.a(""/data/ui/battle.ui"");"
/data/map/map_,work/decompiled/cfr/j.java,84,"InputStream inputStream = aj.a(""/data/map/map_"" + j2.m + "".mid"");"
/data/mod/mod_,work/decompiled/cfr/j.java,173,"InputStream inputStream = aj.a(""/data/mod/mod_"" + this.n + "".mid"");"
/data/event/scene_13.mib,work/decompiled/cfr/q.java,189,"InputStream inputStream = this.getClass().getResourceAsStream(""/data/event/scene_13.mib"");"
