path,format,json
data/script/bTask.mid,string_matrix,outputs/decoded_assets/json/data__script__bTask.mid.json
data/script/mTask.mid,string_matrix,outputs/decoded_assets/json/data__script__mTask.mid.json
data/script/chs.mid,string_matrix,outputs/decoded_assets/json/data__script__chs.mid.json
data/script/npcDialog.mid,string_matrix,outputs/decoded_assets/json/data__script__npcDialog.mid.json
data/script/sprite.mid,short_matrix,outputs/decoded_assets/json/data__script__sprite.mid.json
data/script/pos.mid,short_matrix,outputs/decoded_assets/json/data__script__pos.mid.json
data/script/speffect.mid,short_matrix,outputs/decoded_assets/json/data__script__speffect.mid.json
data/script/blood.mid,short_matrix,outputs/decoded_assets/json/data__script__blood.mid.json
data/script/petArea.mid,short_matrix,outputs/decoded_assets/json/data__script__petArea.mid.json
data/script/backPic.mid,short_matrix,outputs/decoded_assets/json/data__script__backPic.mid.json
data/script/effect.mid,byte_matrix,outputs/decoded_assets/json/data__script__effect.mid.json
data/script/bqTask.mid,two_byte_matrices,outputs/decoded_assets/json/data__script__bqTask.mid.json
data/script/db.mid,nine_short_matrices,outputs/decoded_assets/json/data__script__db.mid.json
data/script/cpos.mid,three_short_matrices,outputs/decoded_assets/json/data__script__cpos.mid.json
data/script/bufDebuf.mid,three_byte_matrices,outputs/decoded_assets/json/data__script__bufDebuf.mid.json
data/mod/modInfo.mid,mod_info,outputs/decoded_assets/json/data__mod__modInfo.mid.json
data/mod/mod_0.mid,mod_tile_rects,outputs/decoded_assets/json/data__mod__mod_0.mid.json
data/mod/mod_1.mid,mod_tile_rects,outputs/decoded_assets/json/data__mod__mod_1.mid.json
data/mod/mod_2.mid,mod_tile_rects,outputs/decoded_assets/json/data__mod__mod_2.mid.json
data/mod/mod_3.mid,mod_tile_rects,outputs/decoded_assets/json/data__mod__mod_3.mid.json
data/mod/mod_4.mid,mod_tile_rects,outputs/decoded_assets/json/data__mod__mod_4.mid.json
data/mod/mod_5.mid,mod_tile_rects,outputs/decoded_assets/json/data__mod__mod_5.mid.json
data/mod/mod_6.mid,mod_tile_rects,outputs/decoded_assets/json/data__mod__mod_6.mid.json
data/map/map_0.mid,map,outputs/decoded_assets/json/data__map__map_0.mid.json
data/map/map_1.mid,map,outputs/decoded_assets/json/data__map__map_1.mid.json
data/map/map_10.mid,map,outputs/decoded_assets/json/data__map__map_10.mid.json
data/map/map_100.mid,map,outputs/decoded_assets/json/data__map__map_100.mid.json
data/map/map_11.mid,map,outputs/decoded_assets/json/data__map__map_11.mid.json
data/map/map_12.mid,map,outputs/decoded_assets/json/data__map__map_12.mid.json
data/map/map_13.mid,map,outputs/decoded_assets/json/data__map__map_13.mid.json
data/map/map_15.mid,map,outputs/decoded_assets/json/data__map__map_15.mid.json
data/map/map_16.mid,map,outputs/decoded_assets/json/data__map__map_16.mid.json
data/map/map_17.mid,map,outputs/decoded_assets/json/data__map__map_17.mid.json
data/map/map_18.mid,map,outputs/decoded_assets/json/data__map__map_18.mid.json
data/map/map_19.mid,map,outputs/decoded_assets/json/data__map__map_19.mid.json
data/map/map_2.mid,map,outputs/decoded_assets/json/data__map__map_2.mid.json
data/map/map_20.mid,map,outputs/decoded_assets/json/data__map__map_20.mid.json
data/map/map_21.mid,map,outputs/decoded_assets/json/data__map__map_21.mid.json
data/map/map_22.mid,map,outputs/decoded_assets/json/data__map__map_22.mid.json
data/map/map_23.mid,map,outputs/decoded_assets/json/data__map__map_23.mid.json
data/map/map_24.mid,map,outputs/decoded_assets/json/data__map__map_24.mid.json
data/map/map_25.mid,map,outputs/decoded_assets/json/data__map__map_25.mid.json
data/map/map_26.mid,map,outputs/decoded_assets/json/data__map__map_26.mid.json
data/map/map_27.mid,map,outputs/decoded_assets/json/data__map__map_27.mid.json
data/map/map_28.mid,map,outputs/decoded_assets/json/data__map__map_28.mid.json
data/map/map_29.mid,map,outputs/decoded_assets/json/data__map__map_29.mid.json
data/map/map_3.mid,map,outputs/decoded_assets/json/data__map__map_3.mid.json
data/map/map_30.mid,map,outputs/decoded_assets/json/data__map__map_30.mid.json
data/map/map_31.mid,map,outputs/decoded_assets/json/data__map__map_31.mid.json
data/map/map_32.mid,map,outputs/decoded_assets/json/data__map__map_32.mid.json
data/map/map_33.mid,map,outputs/decoded_assets/json/data__map__map_33.mid.json
data/map/map_34.mid,map,outputs/decoded_assets/json/data__map__map_34.mid.json
data/map/map_35.mid,map,outputs/decoded_assets/json/data__map__map_35.mid.json
data/map/map_36.mid,map,outputs/decoded_assets/json/data__map__map_36.mid.json
data/map/map_37.mid,map,outputs/decoded_assets/json/data__map__map_37.mid.json
data/map/map_38.mid,map,outputs/decoded_assets/json/data__map__map_38.mid.json
data/map/map_39.mid,map,outputs/decoded_assets/json/data__map__map_39.mid.json
data/map/map_4.mid,map,outputs/decoded_assets/json/data__map__map_4.mid.json
data/map/map_40.mid,map,outputs/decoded_assets/json/data__map__map_40.mid.json
data/map/map_41.mid,map,outputs/decoded_assets/json/data__map__map_41.mid.json
data/map/map_42.mid,map,outputs/decoded_assets/json/data__map__map_42.mid.json
data/map/map_43.mid,map,outputs/decoded_assets/json/data__map__map_43.mid.json
data/map/map_44.mid,map,outputs/decoded_assets/json/data__map__map_44.mid.json
data/map/map_45.mid,map,outputs/decoded_assets/json/data__map__map_45.mid.json
data/map/map_46.mid,map,outputs/decoded_assets/json/data__map__map_46.mid.json
data/map/map_47.mid,map,outputs/decoded_assets/json/data__map__map_47.mid.json
data/map/map_48.mid,map,outputs/decoded_assets/json/data__map__map_48.mid.json
data/map/map_49.mid,map,outputs/decoded_assets/json/data__map__map_49.mid.json
data/map/map_5.mid,map,outputs/decoded_assets/json/data__map__map_5.mid.json
data/map/map_50.mid,map,outputs/decoded_assets/json/data__map__map_50.mid.json
data/map/map_51.mid,map,outputs/decoded_assets/json/data__map__map_51.mid.json
data/map/map_52.mid,map,outputs/decoded_assets/json/data__map__map_52.mid.json
data/map/map_53.mid,map,outputs/decoded_assets/json/data__map__map_53.mid.json
data/map/map_54.mid,map,outputs/decoded_assets/json/data__map__map_54.mid.json
data/map/map_55.mid,map,outputs/decoded_assets/json/data__map__map_55.mid.json
data/map/map_56.mid,map,outputs/decoded_assets/json/data__map__map_56.mid.json
data/map/map_57.mid,map,outputs/decoded_assets/json/data__map__map_57.mid.json
data/map/map_58.mid,map,outputs/decoded_assets/json/data__map__map_58.mid.json
data/map/map_59.mid,map,outputs/decoded_assets/json/data__map__map_59.mid.json
data/map/map_6.mid,map,outputs/decoded_assets/json/data__map__map_6.mid.json
data/map/map_60.mid,map,outputs/decoded_assets/json/data__map__map_60.mid.json
data/map/map_61.mid,map,outputs/decoded_assets/json/data__map__map_61.mid.json
data/map/map_62.mid,map,outputs/decoded_assets/json/data__map__map_62.mid.json
data/map/map_63.mid,map,outputs/decoded_assets/json/data__map__map_63.mid.json
data/map/map_64.mid,map,outputs/decoded_assets/json/data__map__map_64.mid.json
data/map/map_65.mid,map,outputs/decoded_assets/json/data__map__map_65.mid.json
data/map/map_66.mid,map,outputs/decoded_assets/json/data__map__map_66.mid.json
data/map/map_67.mid,map,outputs/decoded_assets/json/data__map__map_67.mid.json
data/map/map_68.mid,map,outputs/decoded_assets/json/data__map__map_68.mid.json
data/map/map_7.mid,map,outputs/decoded_assets/json/data__map__map_7.mid.json
data/map/map_73.mid,map,outputs/decoded_assets/json/data__map__map_73.mid.json
data/map/map_74.mid,map,outputs/decoded_assets/json/data__map__map_74.mid.json
data/map/map_75.mid,map,outputs/decoded_assets/json/data__map__map_75.mid.json
data/map/map_76.mid,map,outputs/decoded_assets/json/data__map__map_76.mid.json
data/map/map_77.mid,map,outputs/decoded_assets/json/data__map__map_77.mid.json
data/map/map_78.mid,map,outputs/decoded_assets/json/data__map__map_78.mid.json
data/map/map_79.mid,map,outputs/decoded_assets/json/data__map__map_79.mid.json
data/map/map_8.mid,map,outputs/decoded_assets/json/data__map__map_8.mid.json
data/map/map_80.mid,map,outputs/decoded_assets/json/data__map__map_80.mid.json
data/map/map_81.mid,map,outputs/decoded_assets/json/data__map__map_81.mid.json
data/map/map_82.mid,map,outputs/decoded_assets/json/data__map__map_82.mid.json
data/map/map_83.mid,map,outputs/decoded_assets/json/data__map__map_83.mid.json
data/map/map_84.mid,map,outputs/decoded_assets/json/data__map__map_84.mid.json
data/map/map_85.mid,map,outputs/decoded_assets/json/data__map__map_85.mid.json
data/map/map_86.mid,map,outputs/decoded_assets/json/data__map__map_86.mid.json
data/map/map_87.mid,map,outputs/decoded_assets/json/data__map__map_87.mid.json
data/map/map_88.mid,map,outputs/decoded_assets/json/data__map__map_88.mid.json
data/map/map_89.mid,map,outputs/decoded_assets/json/data__map__map_89.mid.json
data/map/map_9.mid,map,outputs/decoded_assets/json/data__map__map_9.mid.json
data/map/map_92.mid,map,outputs/decoded_assets/json/data__map__map_92.mid.json
data/map/map_93.mid,map,outputs/decoded_assets/json/data__map__map_93.mid.json
data/map/map_94.mid,map,outputs/decoded_assets/json/data__map__map_94.mid.json
data/map/map_95.mid,map,outputs/decoded_assets/json/data__map__map_95.mid.json
data/map/map_96.mid,map,outputs/decoded_assets/json/data__map__map_96.mid.json
data/map/map_97.mid,map,outputs/decoded_assets/json/data__map__map_97.mid.json
data/map/map_98.mid,map,outputs/decoded_assets/json/data__map__map_98.mid.json
data/map/map_99.mid,map,outputs/decoded_assets/json/data__map__map_99.mid.json
data/event/scene_0.mid,event_scene,outputs/decoded_assets/json/data__event__scene_0.mid.json
data/event/scene_1.mid,event_scene,outputs/decoded_assets/json/data__event__scene_1.mid.json
data/event/scene_10.mid,event_scene,outputs/decoded_assets/json/data__event__scene_10.mid.json
data/event/scene_11.mid,event_scene,outputs/decoded_assets/json/data__event__scene_11.mid.json
data/event/scene_12.mid,event_scene,outputs/decoded_assets/json/data__event__scene_12.mid.json
data/event/scene_2.mid,event_scene,outputs/decoded_assets/json/data__event__scene_2.mid.json
data/event/scene_3.mid,event_scene,outputs/decoded_assets/json/data__event__scene_3.mid.json
data/event/scene_4.mid,event_scene,outputs/decoded_assets/json/data__event__scene_4.mid.json
data/event/scene_5.mid,event_scene,outputs/decoded_assets/json/data__event__scene_5.mid.json
data/event/scene_6.mid,event_scene,outputs/decoded_assets/json/data__event__scene_6.mid.json
data/event/scene_7.mid,event_scene,outputs/decoded_assets/json/data__event__scene_7.mid.json
data/event/scene_9.mid,event_scene,outputs/decoded_assets/json/data__event__scene_9.mid.json
data/ui/answer.ui,ui_layout,outputs/decoded_assets/json/data__ui__answer.ui.json
data/ui/badge.ui,ui_layout,outputs/decoded_assets/json/data__ui__badge.ui.json
data/ui/bag.ui,ui_layout,outputs/decoded_assets/json/data__ui__bag.ui.json
data/ui/battle.ui,ui_layout,outputs/decoded_assets/json/data__ui__battle.ui.json
data/ui/bodyShop.ui,ui_layout,outputs/decoded_assets/json/data__ui__bodyShop.ui.json
data/ui/choice.ui,ui_layout,outputs/decoded_assets/json/data__ui__choice.ui.json
data/ui/choiceskill.ui,ui_layout,outputs/decoded_assets/json/data__ui__choiceskill.ui.json
data/ui/dialog.ui,ui_layout,outputs/decoded_assets/json/data__ui__dialog.ui.json
data/ui/evolve.ui,ui_layout,outputs/decoded_assets/json/data__ui__evolve.ui.json
data/ui/gamemenu.ui,ui_layout,outputs/decoded_assets/json/data__ui__gamemenu.ui.json
data/ui/gamesystem.ui,ui_layout,outputs/decoded_assets/json/data__ui__gamesystem.ui.json
data/ui/help.ui,ui_layout,outputs/decoded_assets/json/data__ui__help.ui.json
data/ui/help1.ui,ui_layout,outputs/decoded_assets/json/data__ui__help1.ui.json
data/ui/levelUp.ui,ui_layout,outputs/decoded_assets/json/data__ui__levelUp.ui.json
data/ui/msgconfirm.ui,ui_layout,outputs/decoded_assets/json/data__ui__msgconfirm.ui.json
data/ui/msgRecover.ui,ui_layout,outputs/decoded_assets/json/data__ui__msgRecover.ui.json
data/ui/msgtip.ui,ui_layout,outputs/decoded_assets/json/data__ui__msgtip.ui.json
data/ui/msgwarm.ui,ui_layout,outputs/decoded_assets/json/data__ui__msgwarm.ui.json
data/ui/msgyn.ui,ui_layout,outputs/decoded_assets/json/data__ui__msgyn.ui.json
data/ui/npcEnemy.ui,ui_layout,outputs/decoded_assets/json/data__ui__npcEnemy.ui.json
data/ui/openbox.ui,ui_layout,outputs/decoded_assets/json/data__ui__openbox.ui.json
data/ui/option.ui,ui_layout,outputs/decoded_assets/json/data__ui__option.ui.json
data/ui/petmap.ui,ui_layout,outputs/decoded_assets/json/data__ui__petmap.ui.json
data/ui/petsetting.ui,ui_layout,outputs/decoded_assets/json/data__ui__petsetting.ui.json
data/ui/petstate.ui,ui_layout,outputs/decoded_assets/json/data__ui__petstate.ui.json
data/ui/record.ui,ui_layout,outputs/decoded_assets/json/data__ui__record.ui.json
data/ui/ride.ui,ui_layout,outputs/decoded_assets/json/data__ui__ride.ui.json
data/ui/shop.ui,ui_layout,outputs/decoded_assets/json/data__ui__shop.ui.json
data/ui/shopbuy.ui,ui_layout,outputs/decoded_assets/json/data__ui__shopbuy.ui.json
data/ui/shopsale.ui,ui_layout,outputs/decoded_assets/json/data__ui__shopsale.ui.json
data/ui/skill.ui,ui_layout,outputs/decoded_assets/json/data__ui__skill.ui.json
data/ui/smsInfo.ui,ui_layout,outputs/decoded_assets/json/data__ui__smsInfo.ui.json
data/ui/smsTip.ui,ui_layout,outputs/decoded_assets/json/data__ui__smsTip.ui.json
data/ui/task.ui,ui_layout,outputs/decoded_assets/json/data__ui__task.ui.json
data/ui/taskOption.ui,ui_layout,outputs/decoded_assets/json/data__ui__taskOption.ui.json
data/ui/taskTip.ui,ui_layout,outputs/decoded_assets/json/data__ui__taskTip.ui.json
data/ui/transmit.ui,ui_layout,outputs/decoded_assets/json/data__ui__transmit.ui.json
data/ui/wharf1.ui,ui_layout,outputs/decoded_assets/json/data__ui__wharf1.ui.json
data/ui/wharf2.ui,ui_layout,outputs/decoded_assets/json/data__ui__wharf2.ui.json
data/ui/world.ui,ui_layout,outputs/decoded_assets/json/data__ui__world.ui.json
data/event/scene_13.mib,vm_bytecode_tree,outputs/decoded_assets/json/data__event__scene_13.mib.json
